ID,TARGET
6,0.5
11,0.5
12,0.5
17,0.5
18,0.5
20,0.5
21,0.5
33,0.5
37,0.5
39,0.5
41,0.5
56,0.5
63,0.5
67,0.5
71,0.5
73,0.5
93,0.5
94,0.5
98,0.5
103,0.5
109,0.5
113,0.5
115,0.5
118,0.5
121,0.5
124,0.5
126,0.5
127,0.5
131,0.5
133,0.5
140,0.5
142,0.5
145,0.5
151,0.5
156,0.5
158,0.5
162,0.5
165,0.5
166,0.5
187,0.5
189,0.5
195,0.5
201,0.5
202,0.5
203,0.5
220,0.5
226,0.5
228,0.5
235,0.5
239,0.5
242,0.5
245,0.5
247,0.5
256,0.5
258,0.5
259,0.5
261,0.5
262,0.5
263,0.5
272,0.5
275,0.5
277,0.5
283,0.5
288,0.5
289,0.5
300,0.5
301,0.5
322,0.5
324,0.5
331,0.5
342,0.5
347,0.5
351,0.5
356,0.5
359,0.5
366,0.5
375,0.5
378,0.5
382,0.5
396,0.5
403,0.5
425,0.5
430,0.5
432,0.5
437,0.5
439,0.5
442,0.5
445,0.5
447,0.5
448,0.5
452,0.5
457,0.5
460,0.5
461,0.5
467,0.5
475,0.5
478,0.5
482,0.5
487,0.5
494,0.5
503,0.5
507,0.5
511,0.5
522,0.5
524,0.5
532,0.5
543,0.5
544,0.5
548,0.5
552,0.5
560,0.5
565,0.5
577,0.5
582,0.5
583,0.5
586,0.5
589,0.5
592,0.5
594,0.5
595,0.5
596,0.5
598,0.5
599,0.5
601,0.5
602,0.5
606,0.5
612,0.5
615,0.5
617,0.5
628,0.5
640,0.5
643,0.5
644,0.5
649,0.5
652,0.5
672,0.5
677,0.5
685,0.5
687,0.5
695,0.5
702,0.5
705,0.5
707,0.5
709,0.5
710,0.5
711,0.5
718,0.5
719,0.5
720,0.5
730,0.5
732,0.5
735,0.5
739,0.5
741,0.5
744,0.5
746,0.5
750,0.5
757,0.5
760,0.5
774,0.5
775,0.5
779,0.5
780,0.5
784,0.5
788,0.5
790,0.5
792,0.5
794,0.5
800,0.5
802,0.5
808,0.5
811,0.5
815,0.5
820,0.5
825,0.5
826,0.5
827,0.5
836,0.5
838,0.5
839,0.5
842,0.5
845,0.5
853,0.5
854,0.5
865,0.5
872,0.5
874,0.5
884,0.5
885,0.5
886,0.5
890,0.5
893,0.5
894,0.5
898,0.5
903,0.5
906,0.5
908,0.5
913,0.5
915,0.5
917,0.5
933,0.5
938,0.5
949,0.5
950,0.5
954,0.5
972,0.5
981,0.5
992,0.5
994,0.5
996,0.5
1000,0.5
1005,0.5
1014,0.5
1025,0.5
1028,0.5
1029,0.5
1069,0.5
1070,0.5
1073,0.5
1076,0.5
1081,0.5
1092,0.5
1093,0.5
1103,0.5
1106,0.5
1109,0.5
1111,0.5
1119,0.5
1123,0.5
1124,0.5
1128,0.5
1133,0.5
1138,0.5
1152,0.5
1162,0.5
1163,0.5
1193,0.5
1202,0.5
1206,0.5
1210,0.5
1225,0.5
1227,0.5
1228,0.5
1231,0.5
1236,0.5
1243,0.5
1251,0.5
1253,0.5
1255,0.5
1256,0.5
1258,0.5
1262,0.5
1265,0.5
1266,0.5
1267,0.5
1268,0.5
1273,0.5
1295,0.5
1302,0.5
1305,0.5
1313,0.5
1324,0.5
1326,0.5
1335,0.5
1339,0.5
1341,0.5
1343,0.5
1344,0.5
1347,0.5
1348,0.5
1351,0.5
1352,0.5
1354,0.5
1356,0.5
1359,0.5
1361,0.5
1366,0.5
1367,0.5
1377,0.5
1379,0.5
1391,0.5
1393,0.5
1394,0.5
1399,0.5
1404,0.5
1405,0.5
1413,0.5
1420,0.5
1441,0.5
1443,0.5
1450,0.5
1455,0.5
1465,0.5
1467,0.5
1474,0.5
1475,0.5
1478,0.5
1480,0.5
1504,0.5
1505,0.5
1506,0.5
1508,0.5
1516,0.5
1519,0.5
1522,0.5
1524,0.5
1527,0.5
1529,0.5
1532,0.5
1540,0.5
1541,0.5
1543,0.5
1544,0.5
1553,0.5
1555,0.5
1558,0.5
1567,0.5
1572,0.5
1574,0.5
1575,0.5
1581,0.5
1584,0.5
1596,0.5
1597,0.5
1601,0.5
1605,0.5
1608,0.5
1610,0.5
1612,0.5
1614,0.5
1615,0.5
1618,0.5
1634,0.5
1643,0.5
1645,0.5
1664,0.5
1665,0.5
1672,0.5
1673,0.5
1674,0.5
1685,0.5
1686,0.5
1695,0.5
1699,0.5
1713,0.5
1718,0.5
1725,0.5
1729,0.5
1732,0.5
1742,0.5
1753,0.5
1755,0.5
1757,0.5
1760,0.5
1761,0.5
1767,0.5
1772,0.5
1783,0.5
1785,0.5
1786,0.5
1787,0.5
1790,0.5
1795,0.5
1799,0.5
1801,0.5
1804,0.5
1805,0.5
1806,0.5
1809,0.5
1811,0.5
1815,0.5
1818,0.5
1823,0.5
1824,0.5
1829,0.5
1831,0.5
1834,0.5
1835,0.5
1837,0.5
1838,0.5
1846,0.5
1848,0.5
1852,0.5
1853,0.5
1855,0.5
1859,0.5
1864,0.5
1881,0.5
1890,0.5
1892,0.5
1897,0.5
1899,0.5
1901,0.5
1904,0.5
1905,0.5
1906,0.5
1910,0.5
1913,0.5
1916,0.5
1935,0.5
1937,0.5
1946,0.5
1948,0.5
1952,0.5
1962,0.5
1969,0.5
1973,0.5
1974,0.5
1979,0.5
2003,0.5
2006,0.5
2009,0.5
2017,0.5
2020,0.5
2023,0.5
2038,0.5
2040,0.5
2049,0.5
2050,0.5
2052,0.5
2078,0.5
2079,0.5
2090,0.5
2100,0.5
2101,0.5
2110,0.5
2114,0.5
2117,0.5
2130,0.5
2146,0.5
2147,0.5
2148,0.5
2149,0.5
2154,0.5
2157,0.5
2159,0.5
2164,0.5
2170,0.5
2185,0.5
2193,0.5
2203,0.5
2204,0.5
2205,0.5
2206,0.5
2209,0.5
2214,0.5
2219,0.5
2223,0.5
2227,0.5
2230,0.5
2234,0.5
2237,0.5
2238,0.5
2239,0.5
2243,0.5
2255,0.5
2256,0.5
2262,0.5
2270,0.5
2276,0.5
2278,0.5
2279,0.5
2301,0.5
2302,0.5
2313,0.5
2314,0.5
2315,0.5
2317,0.5
2323,0.5
2326,0.5
2328,0.5
2330,0.5
2344,0.5
2346,0.5
2349,0.5
2351,0.5
2365,0.5
2367,0.5
2368,0.5
2369,0.5
2370,0.5
2372,0.5
2375,0.5
2377,0.5
2379,0.5
2381,0.5
2391,0.5
2397,0.5
2401,0.5
2411,0.5
2412,0.5
2413,0.5
2414,0.5
2416,0.5
2418,0.5
2420,0.5
2447,0.5
2450,0.5
2454,0.5
2456,0.5
2470,0.5
2471,0.5
2479,0.5
2484,0.5
2492,0.5
2493,0.5
2496,0.5
2500,0.5
2503,0.5
2515,0.5
2525,0.5
2539,0.5
2558,0.5
2559,0.5
2567,0.5
2568,0.5
2569,0.5
2572,0.5
2591,0.5
2595,0.5
2598,0.5
2601,0.5
2608,0.5
2609,0.5
2612,0.5
2613,0.5
2614,0.5
2619,0.5
2621,0.5
2623,0.5
2628,0.5
2630,0.5
2635,0.5
2636,0.5
2652,0.5
2662,0.5
2664,0.5
2666,0.5
2670,0.5
2675,0.5
2677,0.5
2686,0.5
2687,0.5
2688,0.5
2690,0.5
2691,0.5
2699,0.5
2700,0.5
2709,0.5
2710,0.5
2727,0.5
2731,0.5
2736,0.5
2740,0.5
2742,0.5
2748,0.5
2754,0.5
2755,0.5
2756,0.5
2760,0.5
2766,0.5
2767,0.5
2769,0.5
2775,0.5
2779,0.5
2794,0.5
2807,0.5
2814,0.5
2815,0.5
2822,0.5
2824,0.5
2826,0.5
2831,0.5
2841,0.5
2850,0.5
2851,0.5
2853,0.5
2855,0.5
2858,0.5
2879,0.5
2885,0.5
2886,0.5
2897,0.5
2910,0.5
2931,0.5
2940,0.5
2941,0.5
2942,0.5
2951,0.5
2954,0.5
2961,0.5
2974,0.5
2975,0.5
2979,0.5
3008,0.5
3013,0.5
3014,0.5
3019,0.5
3020,0.5
3025,0.5
3027,0.5
3028,0.5
3038,0.5
3039,0.5
3041,0.5
3047,0.5
3049,0.5
3056,0.5
3060,0.5
3062,0.5
3066,0.5
3073,0.5
3077,0.5
3080,0.5
3084,0.5
3085,0.5
3089,0.5
3105,0.5
3113,0.5
3122,0.5
3129,0.5
3134,0.5
3138,0.5
3144,0.5
3146,0.5
3150,0.5
3160,0.5
3165,0.5
3173,0.5
3176,0.5
3183,0.5
3184,0.5
3189,0.5
3190,0.5
3192,0.5
3197,0.5
3204,0.5
3207,0.5
3213,0.5
3217,0.5
3235,0.5
3241,0.5
3246,0.5
3264,0.5
3270,0.5
3275,0.5
3280,0.5
3286,0.5
3298,0.5
3300,0.5
3309,0.5
3313,0.5
3314,0.5
3315,0.5
3316,0.5
3318,0.5
3319,0.5
3328,0.5
3329,0.5
3332,0.5
3333,0.5
3337,0.5
3341,0.5
3349,0.5
3350,0.5
3359,0.5
3360,0.5
3363,0.5
3368,0.5
3370,0.5
3388,0.5
3398,0.5
3416,0.5
3417,0.5
3424,0.5
3441,0.5
3443,0.5
3446,0.5
3449,0.5
3463,0.5
3466,0.5
3471,0.5
3480,0.5
3484,0.5
3492,0.5
3495,0.5
3497,0.5
3498,0.5
3500,0.5
3502,0.5
3504,0.5
3508,0.5
3515,0.5
3524,0.5
3525,0.5
3526,0.5
3536,0.5
3544,0.5
3552,0.5
3559,0.5
3562,0.5
3563,0.5
3588,0.5
3589,0.5
3599,0.5
3602,0.5
3607,0.5
3615,0.5
3623,0.5
3629,0.5
3630,0.5
3642,0.5
3651,0.5
3653,0.5
3659,0.5
3666,0.5
3667,0.5
3673,0.5
3674,0.5
3689,0.5
3690,0.5
3694,0.5
3696,0.5
3707,0.5
3711,0.5
3718,0.5
3721,0.5
3727,0.5
3734,0.5
3745,0.5
3746,0.5
3754,0.5
3756,0.5
3774,0.5
3782,0.5
3784,0.5
3785,0.5
3787,0.5
3790,0.5
3794,0.5
3795,0.5
3796,0.5
3797,0.5
3798,0.5
3801,0.5
3802,0.5
3804,0.5
3815,0.5
3817,0.5
3819,0.5
3820,0.5
3826,0.5
3837,0.5
3838,0.5
3839,0.5
3840,0.5
3843,0.5
3855,0.5
3856,0.5
3857,0.5
3858,0.5
3859,0.5
3864,0.5
3875,0.5
3877,0.5
3878,0.5
3882,0.5
3901,0.5
3903,0.5
3911,0.5
3913,0.5
3921,0.5
3926,0.5
3927,0.5
3929,0.5
3940,0.5
3942,0.5
3945,0.5
3946,0.5
3948,0.5
3955,0.5
3956,0.5
3960,0.5
3961,0.5
3967,0.5
3989,0.5
3993,0.5
3999,0.5
4001,0.5
4008,0.5
4011,0.5
4012,0.5
4018,0.5
4032,0.5
4033,0.5
4040,0.5
4047,0.5
4050,0.5
4059,0.5
4062,0.5
4066,0.5
4069,0.5
4071,0.5
4074,0.5
4085,0.5
4088,0.5
4089,0.5
4104,0.5
4112,0.5
4119,0.5
4123,0.5
4133,0.5
4140,0.5
4144,0.5
4146,0.5
4147,0.5
4149,0.5
4154,0.5
4161,0.5
4168,0.5
4169,0.5
4174,0.5
4179,0.5
4185,0.5
4188,0.5
4204,0.5
4205,0.5
4213,0.5
4217,0.5
4227,0.5
4232,0.5
4233,0.5
4234,0.5
4237,0.5
4251,0.5
4252,0.5
4253,0.5
4270,0.5
4271,0.5
4280,0.5
4282,0.5
4283,0.5
4284,0.5
4290,0.5
4292,0.5
4293,0.5
4298,0.5
4302,0.5
4306,0.5
4308,0.5
4313,0.5
4323,0.5
4326,0.5
4339,0.5
4342,0.5
4346,0.5
4347,0.5
4349,0.5
4356,0.5
4357,0.5
4360,0.5
4364,0.5
4365,0.5
4367,0.5
4369,0.5
4375,0.5
4379,0.5
4382,0.5
4390,0.5
4406,0.5
4413,0.5
4422,0.5
4429,0.5
4437,0.5
4438,0.5
4440,0.5
4441,0.5
4445,0.5
4448,0.5
4452,0.5
4458,0.5
4469,0.5
4470,0.5
4472,0.5
4474,0.5
4481,0.5
4485,0.5
4502,0.5
4503,0.5
4520,0.5
4524,0.5
4526,0.5
4527,0.5
4540,0.5
4547,0.5
4553,0.5
4560,0.5
4567,0.5
4569,0.5
4573,0.5
4576,0.5
4597,0.5
4603,0.5
4608,0.5
4610,0.5
4612,0.5
4620,0.5
4621,0.5
4622,0.5
4623,0.5
4626,0.5
4627,0.5
4628,0.5
4629,0.5
4630,0.5
4632,0.5
4634,0.5
4638,0.5
4642,0.5
4644,0.5
4646,0.5
4650,0.5
4655,0.5
4656,0.5
4660,0.5
4666,0.5
4667,0.5
4672,0.5
4679,0.5
4700,0.5
4703,0.5
4708,0.5
4710,0.5
4711,0.5
4722,0.5
4736,0.5
4737,0.5
4742,0.5
4746,0.5
4749,0.5
4756,0.5
4762,0.5
4763,0.5
4771,0.5
4772,0.5
4783,0.5
4785,0.5
4787,0.5
4804,0.5
4816,0.5
4818,0.5
4827,0.5
4830,0.5
4831,0.5
4834,0.5
4837,0.5
4841,0.5
4850,0.5
4862,0.5
4865,0.5
4868,0.5
4869,0.5
4882,0.5
4886,0.5
4892,0.5
4899,0.5
4900,0.5
4905,0.5
4908,0.5
4919,0.5
4922,0.5
4930,0.5
4932,0.5
4943,0.5
4948,0.5
4955,0.5
4957,0.5
4963,0.5
4966,0.5
4968,0.5
4970,0.5
4971,0.5
4979,0.5
4996,0.5
5002,0.5
5005,0.5
5012,0.5
5015,0.5
5017,0.5
5021,0.5
5024,0.5
5031,0.5
5038,0.5
5045,0.5
5062,0.5
5063,0.5
5070,0.5
5074,0.5
5075,0.5
5083,0.5
5094,0.5
5098,0.5
5102,0.5
5104,0.5
5107,0.5
5118,0.5
5122,0.5
5126,0.5
5127,0.5
5128,0.5
5129,0.5
5131,0.5
5133,0.5
5135,0.5
5138,0.5
5139,0.5
5160,0.5
5162,0.5
5169,0.5
5172,0.5
5186,0.5
5188,0.5
5199,0.5
5200,0.5
5202,0.5
5212,0.5
5220,0.5
5239,0.5
5247,0.5
5256,0.5
5264,0.5
5278,0.5
5289,0.5
5291,0.5
5303,0.5
5305,0.5
5307,0.5
5308,0.5
5312,0.5
5314,0.5
5316,0.5
5318,0.5
5333,0.5
5336,0.5
5337,0.5
5339,0.5
5340,0.5
5345,0.5
5347,0.5
5348,0.5
5353,0.5
5356,0.5
5365,0.5
5370,0.5
5374,0.5
5382,0.5
5388,0.5
5393,0.5
5415,0.5
5433,0.5
5436,0.5
5437,0.5
5438,0.5
5449,0.5
5450,0.5
5452,0.5
5453,0.5
5455,0.5
5461,0.5
5462,0.5
5475,0.5
5478,0.5
5479,0.5
5481,0.5
5482,0.5
5484,0.5
5495,0.5
5499,0.5
5515,0.5
5522,0.5
5526,0.5
5528,0.5
5538,0.5
5551,0.5
5554,0.5
5565,0.5
5568,0.5
5571,0.5
5582,0.5
5583,0.5
5597,0.5
5602,0.5
5605,0.5
5616,0.5
5625,0.5
5626,0.5
5629,0.5
5637,0.5
5641,0.5
5643,0.5
5645,0.5
5646,0.5
5650,0.5
5652,0.5
5655,0.5
5656,0.5
5675,0.5
5676,0.5
5677,0.5
5693,0.5
5700,0.5
5702,0.5
5704,0.5
5708,0.5
5709,0.5
5718,0.5
5719,0.5
5726,0.5
5727,0.5
5728,0.5
5733,0.5
5744,0.5
5755,0.5
5758,0.5
5761,0.5
5765,0.5
5771,0.5
5792,0.5
5794,0.5
5799,0.5
5802,0.5
5823,0.5
5828,0.5
5833,0.5
5839,0.5
5841,0.5
5843,0.5
5846,0.5
5851,0.5
5858,0.5
5861,0.5
5868,0.5
5871,0.5
5875,0.5
5878,0.5
5881,0.5
5884,0.5
5888,0.5
5893,0.5
5896,0.5
5899,0.5
5901,0.5
5902,0.5
5910,0.5
5914,0.5
5922,0.5
5931,0.5
5937,0.5
5949,0.5
5951,0.5
5954,0.5
5957,0.5
5962,0.5
5964,0.5
5970,0.5
5975,0.5
5991,0.5
5996,0.5
6001,0.5
6007,0.5
6010,0.5
6013,0.5
6014,0.5
6019,0.5
6021,0.5
6027,0.5
6028,0.5
6029,0.5
6035,0.5
6037,0.5
6043,0.5
6045,0.5
6047,0.5
6051,0.5
6058,0.5
6067,0.5
6071,0.5
6073,0.5
6076,0.5
6079,0.5
6081,0.5
6084,0.5
6093,0.5
6095,0.5
6103,0.5
6111,0.5
6113,0.5
6114,0.5
6115,0.5
6117,0.5
6126,0.5
6130,0.5
6136,0.5
6147,0.5
6150,0.5
6166,0.5
6169,0.5
6179,0.5
6180,0.5
6182,0.5
6191,0.5
6194,0.5
6200,0.5
6202,0.5
6210,0.5
6212,0.5
6216,0.5
6223,0.5
6228,0.5
6229,0.5
6230,0.5
6232,0.5
6237,0.5
6255,0.5
6256,0.5
6258,0.5
6265,0.5
6267,0.5
6276,0.5
6280,0.5
6288,0.5
6292,0.5
6295,0.5
6296,0.5
6302,0.5
6303,0.5
6323,0.5
6343,0.5
6344,0.5
6352,0.5
6358,0.5
6360,0.5
6364,0.5
6379,0.5
6382,0.5
6386,0.5
6402,0.5
6403,0.5
6407,0.5
6409,0.5
6413,0.5
6416,0.5
6424,0.5
6427,0.5
6435,0.5
6436,0.5
6440,0.5
6443,0.5
6444,0.5
6446,0.5
6451,0.5
6463,0.5
6468,0.5
6469,0.5
6472,0.5
6480,0.5
6481,0.5
6483,0.5
6487,0.5
6488,0.5
6491,0.5
6492,0.5
6495,0.5
6498,0.5
6500,0.5
6524,0.5
6527,0.5
6530,0.5
6536,0.5
6542,0.5
6544,0.5
6548,0.5
6549,0.5
6558,0.5
6572,0.5
6579,0.5
6595,0.5
6596,0.5
6605,0.5
6613,0.5
6615,0.5
6616,0.5
6617,0.5
6637,0.5
6639,0.5
6640,0.5
6645,0.5
6646,0.5
6654,0.5
6663,0.5
6670,0.5
6674,0.5
6679,0.5
6681,0.5
6687,0.5
6691,0.5
6692,0.5
6693,0.5
6695,0.5
6702,0.5
6713,0.5
6716,0.5
6717,0.5
6721,0.5
6725,0.5
6729,0.5
6737,0.5
6738,0.5
6739,0.5
6745,0.5
6746,0.5
6749,0.5
6755,0.5
6758,0.5
6774,0.5
6775,0.5
6779,0.5
6780,0.5
6785,0.5
6789,0.5
6791,0.5
6793,0.5
6796,0.5
6800,0.5
6801,0.5
6806,0.5
6813,0.5
6819,0.5
6820,0.5
6821,0.5
6826,0.5
6860,0.5
6865,0.5
6879,0.5
6883,0.5
6886,0.5
6889,0.5
6898,0.5
6904,0.5
6905,0.5
6913,0.5
6919,0.5
6922,0.5
6925,0.5
6926,0.5
6938,0.5
6942,0.5
6947,0.5
6949,0.5
6950,0.5
6952,0.5
6955,0.5
6960,0.5
6967,0.5
6974,0.5
6980,0.5
6983,0.5
6986,0.5
6992,0.5
6993,0.5
6994,0.5
6996,0.5
7010,0.5
7011,0.5
7017,0.5
7018,0.5
7024,0.5
7025,0.5
7037,0.5
7044,0.5
7049,0.5
7050,0.5
7054,0.5
7055,0.5
7057,0.5
7061,0.5
7062,0.5
7067,0.5
7068,0.5
7071,0.5
7074,0.5
7075,0.5
7078,0.5
7079,0.5
7088,0.5
7092,0.5
7094,0.5
7099,0.5
7100,0.5
7106,0.5
7108,0.5
7115,0.5
7120,0.5
7121,0.5
7125,0.5
7126,0.5
7129,0.5
7131,0.5
7132,0.5
7142,0.5
7144,0.5
7156,0.5
7158,0.5
7166,0.5
7171,0.5
7173,0.5
7177,0.5
7179,0.5
7184,0.5
7188,0.5
7196,0.5
7201,0.5
7202,0.5
7209,0.5
7210,0.5
7216,0.5
7217,0.5
7218,0.5
7225,0.5
7227,0.5
7230,0.5
7235,0.5
7238,0.5
7241,0.5
7253,0.5
7254,0.5
7256,0.5
7265,0.5
7272,0.5
7280,0.5
7283,0.5
7286,0.5
7293,0.5
7295,0.5
7297,0.5
7299,0.5
7314,0.5
7330,0.5
7335,0.5
7337,0.5
7339,0.5
7346,0.5
7349,0.5
7371,0.5
7378,0.5
7379,0.5
7380,0.5
7383,0.5
7397,0.5
7398,0.5
7399,0.5
7402,0.5
7405,0.5
7408,0.5
7409,0.5
7410,0.5
7413,0.5
7415,0.5
7416,0.5
7422,0.5
7423,0.5
7425,0.5
7429,0.5
7434,0.5
7440,0.5
7443,0.5
7446,0.5
7448,0.5
7452,0.5
7455,0.5
7456,0.5
7461,0.5
7467,0.5
7470,0.5
7473,0.5
7477,0.5
7480,0.5
7484,0.5
7485,0.5
7492,0.5
7496,0.5
7511,0.5
7513,0.5
7514,0.5
7516,0.5
7521,0.5
7533,0.5
7535,0.5
7552,0.5
7559,0.5
7562,0.5
7565,0.5
7566,0.5
7569,0.5
7572,0.5
7577,0.5
7588,0.5
7589,0.5
7592,0.5
7593,0.5
7594,0.5
7601,0.5
7615,0.5
7617,0.5
7623,0.5
7628,0.5
7641,0.5
7644,0.5
7651,0.5
7655,0.5
7664,0.5
7666,0.5
7670,0.5
7671,0.5
7679,0.5
7680,0.5
7692,0.5
7694,0.5
7698,0.5
7704,0.5
7716,0.5
7722,0.5
7723,0.5
7724,0.5
7729,0.5
7733,0.5
7734,0.5
7735,0.5
7741,0.5
7746,0.5
7747,0.5
7759,0.5
7762,0.5
7766,0.5
7767,0.5
7769,0.5
7781,0.5
7785,0.5
7786,0.5
7787,0.5
7789,0.5
7793,0.5
7796,0.5
7798,0.5
7808,0.5
7809,0.5
7811,0.5
7816,0.5
7818,0.5
7819,0.5
7827,0.5
7828,0.5
7829,0.5
7831,0.5
7836,0.5
7852,0.5
7859,0.5
7861,0.5
7868,0.5
7870,0.5
7894,0.5
7906,0.5
7907,0.5
7932,0.5
7934,0.5
7948,0.5
7949,0.5
7953,0.5
7956,0.5
7966,0.5
7981,0.5
7982,0.5
7983,0.5
7984,0.5
7992,0.5
7994,0.5
7995,0.5
7999,0.5
8002,0.5
8004,0.5
8006,0.5
8008,0.5
8012,0.5
8015,0.5
8018,0.5
8022,0.5
8025,0.5
8030,0.5
8034,0.5
8038,0.5
8049,0.5
8056,0.5
8061,0.5
8064,0.5
8068,0.5
8071,0.5
8082,0.5
8086,0.5
8096,0.5
8100,0.5
8102,0.5
8104,0.5
8117,0.5
8119,0.5
8122,0.5
8126,0.5
8128,0.5
8140,0.5
8148,0.5
8153,0.5
8161,0.5
8170,0.5
8183,0.5
8184,0.5
8187,0.5
8193,0.5
8203,0.5
8224,0.5
8226,0.5
8227,0.5
8228,0.5
8231,0.5
8234,0.5
8242,0.5
8243,0.5
8249,0.5
8250,0.5
8251,0.5
8264,0.5
8274,0.5
8277,0.5
8283,0.5
8305,0.5
8307,0.5
8315,0.5
8320,0.5
8324,0.5
8326,0.5
8330,0.5
8331,0.5
8343,0.5
8348,0.5
8350,0.5
8355,0.5
8362,0.5
8368,0.5
8385,0.5
8391,0.5
8397,0.5
8399,0.5
8402,0.5
8405,0.5
8421,0.5
8426,0.5
8429,0.5
8430,0.5
8431,0.5
8432,0.5
8437,0.5
8439,0.5
8442,0.5
8444,0.5
8446,0.5
8449,0.5
8457,0.5
8464,0.5
8467,0.5
8469,0.5
8474,0.5
8475,0.5
8476,0.5
8478,0.5
8483,0.5
8486,0.5
8487,0.5
8489,0.5
8499,0.5
8507,0.5
8524,0.5
8532,0.5
8533,0.5
8535,0.5
8536,0.5
8538,0.5
8548,0.5
8550,0.5
8555,0.5
8559,0.5
8565,0.5
8568,0.5
8575,0.5
8578,0.5
8580,0.5
8581,0.5
8589,0.5
8610,0.5
8618,0.5
8621,0.5
8633,0.5
8637,0.5
8638,0.5
8644,0.5
8647,0.5
8655,0.5
8658,0.5
8665,0.5
8674,0.5
8675,0.5
8686,0.5
8696,0.5
8701,0.5
8703,0.5
8707,0.5
8709,0.5
8717,0.5
8721,0.5
8732,0.5
8733,0.5
8734,0.5
8736,0.5
8748,0.5
8751,0.5
8753,0.5
8756,0.5
8761,0.5
8768,0.5
8771,0.5
8777,0.5
8779,0.5
8781,0.5
8784,0.5
8785,0.5
8791,0.5
8793,0.5
8797,0.5
8802,0.5
8819,0.5
8822,0.5
8827,0.5
8829,0.5
8835,0.5
8836,0.5
8837,0.5
8838,0.5
8840,0.5
8843,0.5
8858,0.5
8861,0.5
8870,0.5
8875,0.5
8883,0.5
8888,0.5
8892,0.5
8909,0.5
8910,0.5
8914,0.5
8919,0.5
8922,0.5
8925,0.5
8927,0.5
8929,0.5
8931,0.5
8936,0.5
8938,0.5
8942,0.5
8943,0.5
8952,0.5
8955,0.5
8968,0.5
8970,0.5
8971,0.5
8989,0.5
8994,0.5
8996,0.5
9000,0.5
9002,0.5
9006,0.5
9013,0.5
9014,0.5
9028,0.5
9032,0.5
9033,0.5
9039,0.5
9044,0.5
9053,0.5
9057,0.5
9060,0.5
9068,0.5
9069,0.5
9071,0.5
9073,0.5
9074,0.5
9085,0.5
9088,0.5
9089,0.5
9096,0.5
9098,0.5
9104,0.5
9111,0.5
9122,0.5
9124,0.5
9125,0.5
9131,0.5
9138,0.5
9148,0.5
9160,0.5
9163,0.5
9166,0.5
9175,0.5
9179,0.5
9181,0.5
9184,0.5
9190,0.5
9195,0.5
9198,0.5
9206,0.5
9214,0.5
9218,0.5
9221,0.5
9222,0.5
9223,0.5
9232,0.5
9234,0.5
9243,0.5
9253,0.5
9254,0.5
9255,0.5
9257,0.5
9261,0.5
9263,0.5
9265,0.5
9269,0.5
9270,0.5
9271,0.5
9276,0.5
9277,0.5
9279,0.5
9281,0.5
9285,0.5
9291,0.5
9293,0.5
9301,0.5
9302,0.5
9305,0.5
9312,0.5
9319,0.5
9341,0.5
9351,0.5
9354,0.5
9360,0.5
9366,0.5
9374,0.5
9375,0.5
9385,0.5
9390,0.5
9396,0.5
9398,0.5
9401,0.5
9404,0.5
9408,0.5
9417,0.5
9418,0.5
9419,0.5
9421,0.5
9426,0.5
9427,0.5
9431,0.5
9437,0.5
9446,0.5
9449,0.5
9456,0.5
9463,0.5
9465,0.5
9475,0.5
9476,0.5
9484,0.5
9488,0.5
9494,0.5
9511,0.5
9521,0.5
9522,0.5
9531,0.5
9536,0.5
9537,0.5
9542,0.5
9551,0.5
9556,0.5
9560,0.5
9561,0.5
9569,0.5
9573,0.5
9583,0.5
9587,0.5
9591,0.5
9599,0.5
9601,0.5
9607,0.5
9609,0.5
9611,0.5
9614,0.5
9620,0.5
9629,0.5
9632,0.5
9645,0.5
9655,0.5
9656,0.5
9657,0.5
9660,0.5
9670,0.5
9675,0.5
9677,0.5
9678,0.5
9682,0.5
9694,0.5
9704,0.5
9706,0.5
9708,0.5
9710,0.5
9712,0.5
9715,0.5
9717,0.5
9721,0.5
9737,0.5
9740,0.5
9751,0.5
9758,0.5
9764,0.5
9770,0.5
9771,0.5
9774,0.5
9777,0.5
9784,0.5
9788,0.5
9791,0.5
9792,0.5
9794,0.5
9795,0.5
9796,0.5
9798,0.5
9803,0.5
9804,0.5
9806,0.5
9814,0.5
9817,0.5
9824,0.5
9832,0.5
9838,0.5
9846,0.5
9847,0.5
9852,0.5
9856,0.5
9859,0.5
9860,0.5
9869,0.5
9870,0.5
9873,0.5
9875,0.5
9879,0.5
9883,0.5
9888,0.5
9899,0.5
9900,0.5
9903,0.5
9912,0.5
9919,0.5
9921,0.5
9927,0.5
9929,0.5
9935,0.5
9942,0.5
9958,0.5
9960,0.5
9961,0.5
9963,0.5
9964,0.5
9973,0.5
9974,0.5
9976,0.5
9979,0.5
9980,0.5
9981,0.5
9982,0.5
9987,0.5
9995,0.5
9996,0.5
9997,0.5
10001,0.5
10002,0.5
10004,0.5
10005,0.5
10010,0.5
10013,0.5
10018,0.5
10022,0.5
10024,0.5
10025,0.5
10026,0.5
10029,0.5
10044,0.5
10051,0.5
10059,0.5
10074,0.5
10077,0.5
10083,0.5
10085,0.5
10089,0.5
10091,0.5
10098,0.5
10101,0.5
10110,0.5
10111,0.5
10112,0.5
10113,0.5
10118,0.5
10127,0.5
10135,0.5
10139,0.5
10145,0.5
10158,0.5
10159,0.5
10163,0.5
10164,0.5
10170,0.5
10186,0.5
10192,0.5
10193,0.5
10195,0.5
10196,0.5
10199,0.5
10200,0.5
10202,0.5
10205,0.5
10210,0.5
10211,0.5
10215,0.5
10218,0.5
10220,0.5
10221,0.5
10225,0.5
10227,0.5
10228,0.5
10230,0.5
10236,0.5
10240,0.5
10242,0.5
10243,0.5
10245,0.5
10253,0.5
10258,0.5
10265,0.5
10271,0.5
10272,0.5
10274,0.5
10276,0.5
10278,0.5
10282,0.5
10285,0.5
10291,0.5
10299,0.5
10304,0.5
10305,0.5
10307,0.5
10312,0.5
10316,0.5
10329,0.5
10331,0.5
10337,0.5
10338,0.5
10344,0.5
10353,0.5
10360,0.5
10362,0.5
10367,0.5
10373,0.5
10374,0.5
10378,0.5
10384,0.5
10389,0.5
10391,0.5
10401,0.5
10402,0.5
10419,0.5
10422,0.5
10432,0.5
10436,0.5
10442,0.5
10443,0.5
10447,0.5
10449,0.5
10454,0.5
10458,0.5
10461,0.5
10471,0.5
10472,0.5
10473,0.5
10478,0.5
10480,0.5
10490,0.5
10499,0.5
10500,0.5
10502,0.5
10514,0.5
10518,0.5
10521,0.5
10529,0.5
10530,0.5
10546,0.5
10553,0.5
10556,0.5
10559,0.5
10561,0.5
10565,0.5
10572,0.5
10579,0.5
10582,0.5
10585,0.5
10588,0.5
10590,0.5
10593,0.5
10594,0.5
10598,0.5
10602,0.5
10616,0.5
10622,0.5
10623,0.5
10625,0.5
10631,0.5
10633,0.5
10635,0.5
10646,0.5
10659,0.5
10661,0.5
10667,0.5
10673,0.5
10679,0.5
10682,0.5
10690,0.5
10694,0.5
10702,0.5
10703,0.5
10706,0.5
10723,0.5
10728,0.5
10733,0.5
10734,0.5
10742,0.5
10745,0.5
10746,0.5
10748,0.5
10755,0.5
10767,0.5
10769,0.5
10771,0.5
10773,0.5
10774,0.5
10777,0.5
10788,0.5
10795,0.5
10798,0.5
10799,0.5
10801,0.5
10806,0.5
10821,0.5
10828,0.5
10838,0.5
10839,0.5
10840,0.5
10861,0.5
10866,0.5
10867,0.5
10876,0.5
10877,0.5
10878,0.5
10881,0.5
10884,0.5
10894,0.5
10895,0.5
10898,0.5
10901,0.5
10914,0.5
10923,0.5
10926,0.5
10930,0.5
10934,0.5
10935,0.5
10939,0.5
10940,0.5
10942,0.5
10943,0.5
10951,0.5
10955,0.5
10957,0.5
10962,0.5
10968,0.5
10980,0.5
10982,0.5
11001,0.5
11002,0.5
11008,0.5
11017,0.5
11018,0.5
11022,0.5
11028,0.5
11031,0.5
11037,0.5
11039,0.5
11043,0.5
11046,0.5
11056,0.5
11059,0.5
11062,0.5
11068,0.5
11069,0.5
11079,0.5
11083,0.5
11085,0.5
11095,0.5
11104,0.5
11109,0.5
11118,0.5
11126,0.5
11129,0.5
11130,0.5
11132,0.5
11135,0.5
11138,0.5
11139,0.5
11144,0.5
11147,0.5
11172,0.5
11175,0.5
11179,0.5
11180,0.5
11190,0.5
11193,0.5
11205,0.5
11211,0.5
11226,0.5
11227,0.5
11229,0.5
11236,0.5
11253,0.5
11257,0.5
11261,0.5
11266,0.5
11279,0.5
11288,0.5
11305,0.5
11310,0.5
11311,0.5
11314,0.5
11320,0.5
11327,0.5
11330,0.5
11344,0.5
11355,0.5
11356,0.5
11357,0.5
11362,0.5
11364,0.5
11367,0.5
11405,0.5
11420,0.5
11426,0.5
11437,0.5
11440,0.5
11444,0.5
11447,0.5
11448,0.5
11452,0.5
11456,0.5
11457,0.5
11460,0.5
11463,0.5
11469,0.5
11471,0.5
11473,0.5
11479,0.5
11489,0.5
11508,0.5
11513,0.5
11518,0.5
11528,0.5
11529,0.5
11535,0.5
11537,0.5
11539,0.5
11540,0.5
11542,0.5
11551,0.5
11555,0.5
11557,0.5
11561,0.5
11562,0.5
11584,0.5
11590,0.5
11604,0.5
11615,0.5
11630,0.5
11632,0.5
11640,0.5
11646,0.5
11649,0.5
11652,0.5
11660,0.5
11665,0.5
11677,0.5
11685,0.5
11690,0.5
11692,0.5
11697,0.5
11699,0.5
11701,0.5
11716,0.5
11719,0.5
11720,0.5
11722,0.5
11725,0.5
11732,0.5
11733,0.5
11740,0.5
11744,0.5
11762,0.5
11763,0.5
11764,0.5
11780,0.5
11792,0.5
11794,0.5
11796,0.5
11799,0.5
11802,0.5
11809,0.5
11810,0.5
11811,0.5
11812,0.5
11815,0.5
11816,0.5
11818,0.5
11822,0.5
11823,0.5
11831,0.5
11835,0.5
11847,0.5
11876,0.5
11880,0.5
11882,0.5
11887,0.5
11888,0.5
11889,0.5
11892,0.5
11894,0.5
11895,0.5
11902,0.5
11904,0.5
11908,0.5
11909,0.5
11910,0.5
11911,0.5
11929,0.5
11938,0.5
11951,0.5
11956,0.5
11961,0.5
11968,0.5
11972,0.5
11973,0.5
11978,0.5
11980,0.5
11981,0.5
11995,0.5
11996,0.5
11997,0.5
12001,0.5
12003,0.5
12012,0.5
12023,0.5
12028,0.5
12040,0.5
12044,0.5
12049,0.5
12051,0.5
12052,0.5
12054,0.5
12056,0.5
12059,0.5
12061,0.5
12062,0.5
12063,0.5
12067,0.5
12090,0.5
12099,0.5
12103,0.5
12112,0.5
12116,0.5
12118,0.5
12140,0.5
12143,0.5
12147,0.5
12150,0.5
12154,0.5
12157,0.5
12173,0.5
12176,0.5
12178,0.5
12191,0.5
12194,0.5
12195,0.5
12201,0.5
12202,0.5
12206,0.5
12213,0.5
12216,0.5
12222,0.5
12223,0.5
12224,0.5
12226,0.5
12231,0.5
12232,0.5
12235,0.5
12242,0.5
12244,0.5
12251,0.5
12252,0.5
12259,0.5
12266,0.5
12267,0.5
12287,0.5
12292,0.5
12304,0.5
12306,0.5
12309,0.5
12310,0.5
12315,0.5
12321,0.5
12327,0.5
12332,0.5
12338,0.5
12340,0.5
12349,0.5
12356,0.5
12357,0.5
12359,0.5
12361,0.5
12362,0.5
12368,0.5
12369,0.5
12370,0.5
12372,0.5
12380,0.5
12382,0.5
12385,0.5
12394,0.5
12397,0.5
12398,0.5
12407,0.5
12412,0.5
12413,0.5
12414,0.5
12417,0.5
12418,0.5
12424,0.5
12427,0.5
12431,0.5
12442,0.5
12454,0.5
12455,0.5
12472,0.5
12473,0.5
12474,0.5
12480,0.5
12483,0.5
12484,0.5
12487,0.5
12488,0.5
12508,0.5
12509,0.5
12510,0.5
12517,0.5
12518,0.5
12524,0.5
12527,0.5
12535,0.5
12541,0.5
12552,0.5
12554,0.5
12561,0.5
12563,0.5
12565,0.5
12571,0.5
12578,0.5
12583,0.5
12584,0.5
12595,0.5
12597,0.5
12598,0.5
12611,0.5
12612,0.5
12613,0.5
12614,0.5
12618,0.5
12626,0.5
12628,0.5
12633,0.5
12643,0.5
12645,0.5
12651,0.5
12657,0.5
12660,0.5
12663,0.5
12668,0.5
12674,0.5
12677,0.5
12684,0.5
12688,0.5
12691,0.5
12696,0.5
12708,0.5
12710,0.5
12713,0.5
12724,0.5
12726,0.5
12728,0.5
12730,0.5
12740,0.5
12742,0.5
12749,0.5
12758,0.5
12769,0.5
12770,0.5
12771,0.5
12783,0.5
12786,0.5
12788,0.5
12793,0.5
12796,0.5
12800,0.5
12810,0.5
12813,0.5
12815,0.5
12816,0.5
12818,0.5
12820,0.5
12822,0.5
12835,0.5
12840,0.5
12843,0.5
12847,0.5
12850,0.5
12851,0.5
12857,0.5
12863,0.5
12877,0.5
12879,0.5
12880,0.5
12883,0.5
12893,0.5
12913,0.5
12917,0.5
12919,0.5
12920,0.5
12927,0.5
12930,0.5
12943,0.5
12948,0.5
12953,0.5
12954,0.5
12961,0.5
12963,0.5
12973,0.5
12977,0.5
12985,0.5
12988,0.5
12989,0.5
12994,0.5
12997,0.5
12998,0.5
13000,0.5
13001,0.5
13006,0.5
13007,0.5
13014,0.5
13015,0.5
13019,0.5
13025,0.5
13028,0.5
13033,0.5
13036,0.5
13048,0.5
13054,0.5
13056,0.5
13058,0.5
13062,0.5
13064,0.5
13068,0.5
13079,0.5
13080,0.5
13094,0.5
13099,0.5
13108,0.5
13109,0.5
13122,0.5
13125,0.5
13134,0.5
13135,0.5
13137,0.5
13143,0.5
13145,0.5
13154,0.5
13162,0.5
13167,0.5
13168,0.5
13178,0.5
13180,0.5
13187,0.5
13188,0.5
13189,0.5
13190,0.5
13200,0.5
13201,0.5
13206,0.5
13210,0.5
13214,0.5
13218,0.5
13231,0.5
13232,0.5
13234,0.5
13237,0.5
13242,0.5
13243,0.5
13254,0.5
13255,0.5
13260,0.5
13261,0.5
13263,0.5
13269,0.5
13272,0.5
13281,0.5
13287,0.5
13288,0.5
13295,0.5
13302,0.5
13315,0.5
13317,0.5
13318,0.5
13339,0.5
13340,0.5
13350,0.5
13353,0.5
13356,0.5
13358,0.5
13362,0.5
13365,0.5
13371,0.5
13379,0.5
13384,0.5
13385,0.5
13386,0.5
13394,0.5
13400,0.5
13409,0.5
13415,0.5
13418,0.5
13420,0.5
13425,0.5
13426,0.5
13431,0.5
13435,0.5
13442,0.5
13443,0.5
13450,0.5
13455,0.5
13457,0.5
13460,0.5
13461,0.5
13466,0.5
13467,0.5
13468,0.5
13472,0.5
13491,0.5
13492,0.5
13493,0.5
13498,0.5
13505,0.5
13509,0.5
13511,0.5
13515,0.5
13532,0.5
13538,0.5
13540,0.5
13544,0.5
13546,0.5
13550,0.5
13551,0.5
13553,0.5
13555,0.5
13561,0.5
13565,0.5
13572,0.5
13574,0.5
13576,0.5
13582,0.5
13584,0.5
13588,0.5
13591,0.5
13599,0.5
13600,0.5
13606,0.5
13608,0.5
13614,0.5
13617,0.5
13619,0.5
13628,0.5
13633,0.5
13641,0.5
13653,0.5
13661,0.5
13663,0.5
13668,0.5
13669,0.5
13670,0.5
13678,0.5
13679,0.5
13682,0.5
13683,0.5
13685,0.5
13688,0.5
13692,0.5
13694,0.5
13697,0.5
13708,0.5
13713,0.5
13719,0.5
13720,0.5
13722,0.5
13724,0.5
13730,0.5
13751,0.5
13754,0.5
13758,0.5
13760,0.5
13763,0.5
13771,0.5
13777,0.5
13780,0.5
13783,0.5
13791,0.5
13803,0.5
13814,0.5
13816,0.5
13817,0.5
13821,0.5
13825,0.5
13834,0.5
13838,0.5
13853,0.5
13855,0.5
13859,0.5
13869,0.5
13872,0.5
13873,0.5
13876,0.5
13877,0.5
13884,0.5
13888,0.5
13894,0.5
13896,0.5
13904,0.5
13908,0.5
13909,0.5
13910,0.5
13913,0.5
13917,0.5
13922,0.5
13925,0.5
13929,0.5
13932,0.5
13934,0.5
13939,0.5
13944,0.5
13947,0.5
13951,0.5
13952,0.5
13961,0.5
13963,0.5
13964,0.5
13967,0.5
13975,0.5
13977,0.5
13978,0.5
13982,0.5
13984,0.5
13988,0.5
13993,0.5
14004,0.5
14005,0.5
14006,0.5
14009,0.5
14014,0.5
14016,0.5
14018,0.5
14021,0.5
14025,0.5
14038,0.5
14042,0.5
14050,0.5
14054,0.5
14063,0.5
14073,0.5
14076,0.5
14078,0.5
14079,0.5
14090,0.5
14091,0.5
14095,0.5
14102,0.5
14103,0.5
14104,0.5
14108,0.5
14113,0.5
14119,0.5
14120,0.5
14125,0.5
14127,0.5
14131,0.5
14141,0.5
14145,0.5
14146,0.5
14152,0.5
14153,0.5
14157,0.5
14159,0.5
14163,0.5
14167,0.5
14169,0.5
14183,0.5
14190,0.5
14192,0.5
14196,0.5
14199,0.5
14206,0.5
14210,0.5
14213,0.5
14214,0.5
14221,0.5
14232,0.5
14239,0.5
14241,0.5
14247,0.5
14250,0.5
14255,0.5
14256,0.5
14257,0.5
14260,0.5
14262,0.5
14265,0.5
14270,0.5
14271,0.5
14272,0.5
14282,0.5
14294,0.5
14297,0.5
14298,0.5
14305,0.5
14308,0.5
14312,0.5
14316,0.5
14322,0.5
14327,0.5
14334,0.5
14338,0.5
14342,0.5
14343,0.5
14344,0.5
14347,0.5
14349,0.5
14356,0.5
14357,0.5
14360,0.5
14362,0.5
14367,0.5
14369,0.5
14372,0.5
14373,0.5
14374,0.5
14377,0.5
14383,0.5
14386,0.5
14395,0.5
14404,0.5
14412,0.5
14416,0.5
14422,0.5
14426,0.5
14435,0.5
14438,0.5
14440,0.5
14442,0.5
14449,0.5
14459,0.5
14461,0.5
14462,0.5
14469,0.5
14478,0.5
14480,0.5
14487,0.5
14500,0.5
14504,0.5
14514,0.5
14528,0.5
14545,0.5
14548,0.5
14554,0.5
14562,0.5
14567,0.5
14572,0.5
14575,0.5
14577,0.5
14578,0.5
14582,0.5
14584,0.5
14595,0.5
14606,0.5
14610,0.5
14621,0.5
14633,0.5
14635,0.5
14637,0.5
14643,0.5
14651,0.5
14654,0.5
14669,0.5
14672,0.5
14673,0.5
14677,0.5
14686,0.5
14689,0.5
14691,0.5
14692,0.5
14693,0.5
14694,0.5
14702,0.5
14713,0.5
14714,0.5
14724,0.5
14735,0.5
14743,0.5
14744,0.5
14745,0.5
14753,0.5
14759,0.5
14761,0.5
14762,0.5
14764,0.5
14767,0.5
14773,0.5
14777,0.5
14785,0.5
14786,0.5
14788,0.5
14801,0.5
14803,0.5
14812,0.5
14827,0.5
14836,0.5
14837,0.5
14844,0.5
14850,0.5
14851,0.5
14852,0.5
14860,0.5
14879,0.5
14881,0.5
14889,0.5
14890,0.5
14897,0.5
14913,0.5
14914,0.5
14922,0.5
14925,0.5
14927,0.5
14928,0.5
14931,0.5
14933,0.5
14954,0.5
14967,0.5
14968,0.5
14970,0.5
14978,0.5
14980,0.5
14992,0.5
14993,0.5
14997,0.5
15007,0.5
15015,0.5
15019,0.5
15021,0.5
15030,0.5
15034,0.5
15046,0.5
15052,0.5
15054,0.5
15057,0.5
15059,0.5
15062,0.5
15085,0.5
15086,0.5
15090,0.5
15091,0.5
15096,0.5
15100,0.5
15105,0.5
15113,0.5
15114,0.5
15128,0.5
15135,0.5
15142,0.5
15143,0.5
15149,0.5
15151,0.5
15152,0.5
15153,0.5
15154,0.5
15157,0.5
15169,0.5
15174,0.5
15179,0.5
15183,0.5
15185,0.5
15188,0.5
15208,0.5
15212,0.5
15218,0.5
15248,0.5
15251,0.5
15252,0.5
15259,0.5
15273,0.5
15276,0.5
15283,0.5
15287,0.5
15288,0.5
15303,0.5
15314,0.5
15325,0.5
15330,0.5
15332,0.5
15340,0.5
15341,0.5
15350,0.5
15356,0.5
15373,0.5
15377,0.5
15378,0.5
15379,0.5
15380,0.5
15382,0.5
15402,0.5
15404,0.5
15407,0.5
15409,0.5
15414,0.5
15416,0.5
15417,0.5
15422,0.5
15423,0.5
15426,0.5
15429,0.5
15432,0.5
15436,0.5
15441,0.5
15443,0.5
15447,0.5
15456,0.5
15463,0.5
15464,0.5
15468,0.5
15470,0.5
15473,0.5
15474,0.5
15475,0.5
15476,0.5
15477,0.5
15495,0.5
15502,0.5
15513,0.5
15515,0.5
15520,0.5
15528,0.5
15529,0.5
15530,0.5
15541,0.5
15552,0.5
15556,0.5
15558,0.5
15559,0.5
15560,0.5
15562,0.5
15563,0.5
15571,0.5
15572,0.5
15579,0.5
15580,0.5
15581,0.5
15583,0.5
15584,0.5
15589,0.5
15600,0.5
15602,0.5
15605,0.5
15609,0.5
15610,0.5
15611,0.5
15612,0.5
15616,0.5
15620,0.5
15625,0.5
15636,0.5
15641,0.5
15653,0.5
15658,0.5
15660,0.5
15665,0.5
15667,0.5
15668,0.5
15669,0.5
15674,0.5
15677,0.5
15678,0.5
15682,0.5
15690,0.5
15696,0.5
15709,0.5
15716,0.5
15725,0.5
15727,0.5
15735,0.5
15740,0.5
15751,0.5
15760,0.5
15766,0.5
15773,0.5
15777,0.5
15779,0.5
15781,0.5
15786,0.5
15792,0.5
15797,0.5
15798,0.5
15801,0.5
15804,0.5
15807,0.5
15816,0.5
15819,0.5
15827,0.5
15832,0.5
15837,0.5
15852,0.5
15861,0.5
15863,0.5
15867,0.5
15875,0.5
15879,0.5
15884,0.5
15897,0.5
15899,0.5
15901,0.5
15908,0.5
15912,0.5
15918,0.5
15919,0.5
15920,0.5
15928,0.5
15936,0.5
15938,0.5
15941,0.5
15944,0.5
15949,0.5
15950,0.5
15958,0.5
15964,0.5
15965,0.5
15969,0.5
15973,0.5
15974,0.5
15977,0.5
15985,0.5
15988,0.5
15992,0.5
15999,0.5
16000,0.5
16015,0.5
16016,0.5
16021,0.5
16046,0.5
16049,0.5
16054,0.5
16059,0.5
16061,0.5
16071,0.5
16073,0.5
16081,0.5
16089,0.5
16091,0.5
16092,0.5
16094,0.5
16111,0.5
16113,0.5
16126,0.5
16127,0.5
16130,0.5
16132,0.5
16142,0.5
16150,0.5
16161,0.5
16162,0.5
16164,0.5
16170,0.5
16171,0.5
16174,0.5
16177,0.5
16178,0.5
16180,0.5
16181,0.5
16182,0.5
16190,0.5
16191,0.5
16215,0.5
16218,0.5
16219,0.5
16227,0.5
16236,0.5
16245,0.5
16247,0.5
16248,0.5
16250,0.5
16256,0.5
16288,0.5
16302,0.5
16307,0.5
16314,0.5
16315,0.5
16316,0.5
16317,0.5
16323,0.5
16331,0.5
16334,0.5
16336,0.5
16343,0.5
16345,0.5
16351,0.5
16354,0.5
16364,0.5
16368,0.5
16381,0.5
16383,0.5
16385,0.5
16391,0.5
16402,0.5
16405,0.5
16411,0.5
16415,0.5
16418,0.5
16419,0.5
16423,0.5
16424,0.5
16428,0.5
16434,0.5
16435,0.5
16446,0.5
16450,0.5
16454,0.5
16465,0.5
16473,0.5
16474,0.5
16476,0.5
16479,0.5
16481,0.5
16484,0.5
16492,0.5
16502,0.5
16505,0.5
16510,0.5
16516,0.5
16517,0.5
16520,0.5
16521,0.5
16537,0.5
16543,0.5
16551,0.5
16552,0.5
16558,0.5
16560,0.5
16568,0.5
16569,0.5
16578,0.5
16587,0.5
16597,0.5
16611,0.5
16615,0.5
16617,0.5
16621,0.5
16625,0.5
16631,0.5
16635,0.5
16637,0.5
16639,0.5
16641,0.5
16645,0.5
16650,0.5
16653,0.5
16662,0.5
16665,0.5
16667,0.5
16671,0.5
16675,0.5
16685,0.5
16688,0.5
16690,0.5
16705,0.5
16711,0.5
16712,0.5
16713,0.5
16725,0.5
16726,0.5
16733,0.5
16742,0.5
16749,0.5
16754,0.5
16761,0.5
16765,0.5
16767,0.5
16769,0.5
16771,0.5
16776,0.5
16778,0.5
16779,0.5
16780,0.5
16781,0.5
16791,0.5
16792,0.5
16795,0.5
16798,0.5
16801,0.5
16802,0.5
16803,0.5
16810,0.5
16811,0.5
16815,0.5
16820,0.5
16822,0.5
16823,0.5
16828,0.5
16829,0.5
16833,0.5
16834,0.5
16836,0.5
16839,0.5
16843,0.5
16855,0.5
16862,0.5
16865,0.5
16870,0.5
16879,0.5
16881,0.5
16884,0.5
16886,0.5
16896,0.5
16899,0.5
16913,0.5
16916,0.5
16925,0.5
16926,0.5
16927,0.5
16930,0.5
16934,0.5
16935,0.5
16938,0.5
16940,0.5
16941,0.5
16942,0.5
16945,0.5
16951,0.5
16956,0.5
16958,0.5
16963,0.5
16976,0.5
16977,0.5
16982,0.5
16987,0.5
16988,0.5
17003,0.5
17015,0.5
17017,0.5
17020,0.5
17030,0.5
17034,0.5
17040,0.5
17050,0.5
17059,0.5
17061,0.5
17066,0.5
17075,0.5
17078,0.5
17082,0.5
17085,0.5
17086,0.5
17091,0.5
17101,0.5
17106,0.5
17114,0.5
17118,0.5
17123,0.5
17124,0.5
17127,0.5
17130,0.5
17133,0.5
17134,0.5
17135,0.5
17145,0.5
17147,0.5
17151,0.5
17152,0.5
17155,0.5
17160,0.5
17176,0.5
17183,0.5
17184,0.5
17187,0.5
17189,0.5
17190,0.5
17195,0.5
17196,0.5
17201,0.5
17204,0.5
17212,0.5
17213,0.5
17214,0.5
17215,0.5
17221,0.5
17228,0.5
17230,0.5
17237,0.5
17240,0.5
17241,0.5
17244,0.5
17247,0.5
17250,0.5
17260,0.5
17261,0.5
17268,0.5
17281,0.5
17288,0.5
17289,0.5
17299,0.5
17302,0.5
17310,0.5
17325,0.5
17327,0.5
17334,0.5
17336,0.5
17346,0.5
17351,0.5
17353,0.5
17355,0.5
17358,0.5
17367,0.5
17368,0.5
17372,0.5
17374,0.5
17376,0.5
17378,0.5
17379,0.5
17381,0.5
17383,0.5
17384,0.5
17392,0.5
17399,0.5
17403,0.5
17405,0.5
17408,0.5
17414,0.5
17418,0.5
17421,0.5
17429,0.5
17437,0.5
17438,0.5
17442,0.5
17446,0.5
17447,0.5
17451,0.5
17455,0.5
17458,0.5
17460,0.5
17465,0.5
17466,0.5
17468,0.5
17474,0.5
17479,0.5
17485,0.5
17486,0.5
17490,0.5
17496,0.5
17498,0.5
17502,0.5
17505,0.5
17510,0.5
17515,0.5
17520,0.5
17522,0.5
17528,0.5
17533,0.5
17544,0.5
17558,0.5
17559,0.5
17566,0.5
17568,0.5
17572,0.5
17573,0.5
17577,0.5
17586,0.5
17588,0.5
17593,0.5
17603,0.5
17605,0.5
17606,0.5
17608,0.5
17609,0.5
17612,0.5
17615,0.5
17620,0.5
17623,0.5
17629,0.5
17631,0.5
17633,0.5
17641,0.5
17647,0.5
17664,0.5
17677,0.5
17690,0.5
17699,0.5
17705,0.5
17709,0.5
17717,0.5
17720,0.5
17723,0.5
17727,0.5
17729,0.5
17732,0.5
17734,0.5
17742,0.5
17744,0.5
17749,0.5
17752,0.5
17759,0.5
17761,0.5
17766,0.5
17774,0.5
17775,0.5
17776,0.5
17793,0.5
17796,0.5
17806,0.5
17807,0.5
17817,0.5
17818,0.5
17827,0.5
17830,0.5
17839,0.5
17842,0.5
17844,0.5
17852,0.5
17856,0.5
17857,0.5
17860,0.5
17864,0.5
17867,0.5
17874,0.5
17878,0.5
17881,0.5
17891,0.5
17903,0.5
17905,0.5
17906,0.5
17912,0.5
17919,0.5
17934,0.5
17939,0.5
17943,0.5
17946,0.5
17947,0.5
17949,0.5
17957,0.5
17960,0.5
17962,0.5
17963,0.5
17964,0.5
17971,0.5
17977,0.5
17985,0.5
17987,0.5
17996,0.5
18004,0.5
18005,0.5
18019,0.5
18020,0.5
18025,0.5
18028,0.5
18036,0.5
18039,0.5
18042,0.5
18044,0.5
18045,0.5
18051,0.5
18056,0.5
18065,0.5
18079,0.5
18084,0.5
18096,0.5
18099,0.5
18103,0.5
18107,0.5
18110,0.5
18112,0.5
18113,0.5
18115,0.5
18118,0.5
18119,0.5
18140,0.5
18157,0.5
18158,0.5
18160,0.5
18162,0.5
18164,0.5
18174,0.5
18178,0.5
18179,0.5
18190,0.5
18195,0.5
18196,0.5
18200,0.5
18206,0.5
18208,0.5
18209,0.5
18211,0.5
18224,0.5
18228,0.5
18232,0.5
18233,0.5
18236,0.5
18237,0.5
18238,0.5
18240,0.5
18241,0.5
18242,0.5
18244,0.5
18245,0.5
18257,0.5
18262,0.5
18266,0.5
18268,0.5
18273,0.5
18281,0.5
18288,0.5
18292,0.5
18299,0.5
18300,0.5
18302,0.5
18303,0.5
18307,0.5
18312,0.5
18313,0.5
18315,0.5
18320,0.5
18325,0.5
18327,0.5
18335,0.5
18336,0.5
18344,0.5
18348,0.5
18362,0.5
18364,0.5
18365,0.5
18375,0.5
18382,0.5
18387,0.5
18388,0.5
18399,0.5
18401,0.5
18413,0.5
18426,0.5
18432,0.5
18436,0.5
18454,0.5
18457,0.5
18462,0.5
18463,0.5
18468,0.5
18469,0.5
18473,0.5
18474,0.5
18477,0.5
18479,0.5
18485,0.5
18489,0.5
18494,0.5
18499,0.5
18503,0.5
18506,0.5
18511,0.5
18512,0.5
18521,0.5
18527,0.5
18531,0.5
18541,0.5
18549,0.5
18558,0.5
18559,0.5
18560,0.5
18575,0.5
18577,0.5
18579,0.5
18586,0.5
18588,0.5
18590,0.5
18601,0.5
18603,0.5
18604,0.5
18605,0.5
18609,0.5
18612,0.5
18615,0.5
18617,0.5
18618,0.5
18623,0.5
18627,0.5
18630,0.5
18644,0.5
18648,0.5
18651,0.5
18659,0.5
18660,0.5
18662,0.5
18671,0.5
18685,0.5
18687,0.5
18689,0.5
18691,0.5
18693,0.5
18705,0.5
18709,0.5
18711,0.5
18716,0.5
18723,0.5
18726,0.5
18732,0.5
18740,0.5
18745,0.5
18755,0.5
18758,0.5
18763,0.5
18768,0.5
18770,0.5
18771,0.5
18781,0.5
18787,0.5
18797,0.5
18799,0.5
18804,0.5
18805,0.5
18813,0.5
18819,0.5
18824,0.5
18826,0.5
18827,0.5
18828,0.5
18829,0.5
18830,0.5
18838,0.5
18840,0.5
18844,0.5
18845,0.5
18847,0.5
18862,0.5
18867,0.5
18877,0.5
18878,0.5
18883,0.5
18888,0.5
18889,0.5
18893,0.5
18899,0.5
18902,0.5
18918,0.5
18926,0.5
18935,0.5
18941,0.5
18942,0.5
18944,0.5
18950,0.5
18952,0.5
18955,0.5
18959,0.5
18972,0.5
18975,0.5
18991,0.5
18992,0.5
18998,0.5
19000,0.5
19009,0.5
19018,0.5
19026,0.5
19034,0.5
19037,0.5
19042,0.5
19047,0.5
19049,0.5
19051,0.5
19052,0.5
19053,0.5
19056,0.5
19062,0.5
19063,0.5
19072,0.5
19082,0.5
19085,0.5
19090,0.5
19092,0.5
19096,0.5
19112,0.5
19125,0.5
19127,0.5
19131,0.5
19133,0.5
19135,0.5
19136,0.5
19138,0.5
19145,0.5
19149,0.5
19150,0.5
19152,0.5
19158,0.5
19166,0.5
19167,0.5
19168,0.5
19173,0.5
19189,0.5
19191,0.5
19193,0.5
19195,0.5
19203,0.5
19204,0.5
19207,0.5
19215,0.5
19216,0.5
19220,0.5
19225,0.5
19228,0.5
19232,0.5
19235,0.5
19237,0.5
19252,0.5
19254,0.5
19255,0.5
19261,0.5
19267,0.5
19269,0.5
19273,0.5
19274,0.5
19276,0.5
19281,0.5
19289,0.5
19293,0.5
19299,0.5
19302,0.5
19307,0.5
19310,0.5
19316,0.5
19319,0.5
19324,0.5
19331,0.5
19336,0.5
19350,0.5
19352,0.5
19353,0.5
19355,0.5
19360,0.5
19374,0.5
19376,0.5
19380,0.5
19386,0.5
19398,0.5
19399,0.5
19403,0.5
19404,0.5
19425,0.5
19426,0.5
19434,0.5
19437,0.5
19438,0.5
19442,0.5
19445,0.5
19448,0.5
19455,0.5
19456,0.5
19459,0.5
19465,0.5
19466,0.5
19470,0.5
19476,0.5
19478,0.5
19491,0.5
19497,0.5
19500,0.5
19502,0.5
19504,0.5
19511,0.5
19515,0.5
19517,0.5
19518,0.5
19520,0.5
19530,0.5
19532,0.5
19538,0.5
19549,0.5
19550,0.5
19554,0.5
19555,0.5
19559,0.5
19562,0.5
19566,0.5
19569,0.5
19570,0.5
19576,0.5
19577,0.5
19583,0.5
19592,0.5
19594,0.5
19599,0.5
19602,0.5
19612,0.5
19616,0.5
19626,0.5
19627,0.5
19629,0.5
19636,0.5
19637,0.5
19640,0.5
19642,0.5
19646,0.5
19647,0.5
19651,0.5
19652,0.5
19655,0.5
19656,0.5
19660,0.5
19669,0.5
19670,0.5
19676,0.5
19682,0.5
19687,0.5
19688,0.5
19698,0.5
19707,0.5
19716,0.5
19719,0.5
19725,0.5
19727,0.5
19743,0.5
19745,0.5
19751,0.5
19756,0.5
19762,0.5
19772,0.5
19775,0.5
19778,0.5
19789,0.5
19790,0.5
19822,0.5
19828,0.5
19833,0.5
19837,0.5
19839,0.5
19842,0.5
19852,0.5
19858,0.5
19859,0.5
19863,0.5
19870,0.5
19871,0.5
19880,0.5
19898,0.5
19902,0.5
19905,0.5
19907,0.5
19916,0.5
19919,0.5
19930,0.5
19938,0.5
19947,0.5
19948,0.5
19950,0.5
19953,0.5
19954,0.5
19957,0.5
19958,0.5
19959,0.5
19960,0.5
19966,0.5
19982,0.5
19990,0.5
20000,0.5
20008,0.5
20011,0.5
20019,0.5
20025,0.5
20029,0.5
20030,0.5
20047,0.5
20053,0.5
20055,0.5
20056,0.5
20057,0.5
20071,0.5
20077,0.5
20078,0.5
20084,0.5
20097,0.5
20102,0.5
20103,0.5
20109,0.5
20114,0.5
20119,0.5
20125,0.5
20128,0.5
20138,0.5
20144,0.5
20146,0.5
20150,0.5
20157,0.5
20161,0.5
20171,0.5
20179,0.5
20180,0.5
20181,0.5
20186,0.5
20204,0.5
20225,0.5
20226,0.5
20228,0.5
20231,0.5
20234,0.5
20237,0.5
20241,0.5
20242,0.5
20244,0.5
20245,0.5
20246,0.5
20253,0.5
20255,0.5
20260,0.5
20263,0.5
20267,0.5
20271,0.5
20272,0.5
20277,0.5
20279,0.5
20283,0.5
20285,0.5
20292,0.5
20295,0.5
20296,0.5
20298,0.5
20304,0.5
20307,0.5
20309,0.5
20324,0.5
20330,0.5
20334,0.5
20339,0.5
20344,0.5
20348,0.5
20357,0.5
20359,0.5
20360,0.5
20362,0.5
20365,0.5
20369,0.5
20372,0.5
20377,0.5
20392,0.5
20396,0.5
20397,0.5
20402,0.5
20408,0.5
20413,0.5
20415,0.5
20416,0.5
20419,0.5
20421,0.5
20422,0.5
20425,0.5
20428,0.5
20432,0.5
20433,0.5
20439,0.5
20443,0.5
20450,0.5
20455,0.5
20461,0.5
20466,0.5
20473,0.5
20474,0.5
20475,0.5
20476,0.5
20488,0.5
20502,0.5
20504,0.5
20505,0.5
20509,0.5
20510,0.5
20512,0.5
20515,0.5
20519,0.5
20525,0.5
20526,0.5
20533,0.5
20535,0.5
20541,0.5
20544,0.5
20545,0.5
20549,0.5
20551,0.5
20566,0.5
20567,0.5
20574,0.5
20579,0.5
20580,0.5
20588,0.5
20597,0.5
20604,0.5
20608,0.5
20616,0.5
20621,0.5
20625,0.5
20626,0.5
20627,0.5
20632,0.5
20644,0.5
20646,0.5
20656,0.5
20664,0.5
20686,0.5
20698,0.5
20700,0.5
20701,0.5
20709,0.5
20712,0.5
20723,0.5
20725,0.5
20728,0.5
20732,0.5
20734,0.5
20739,0.5
20742,0.5
20746,0.5
20751,0.5
20752,0.5
20761,0.5
20765,0.5
20773,0.5
20779,0.5
20786,0.5
20790,0.5
20792,0.5
20800,0.5
20806,0.5
20812,0.5
20819,0.5
20820,0.5
20826,0.5
20835,0.5
20851,0.5
20861,0.5
20862,0.5
20864,0.5
20868,0.5
20871,0.5
20885,0.5
20886,0.5
20891,0.5
20896,0.5
20905,0.5
20908,0.5
20913,0.5
20919,0.5
20922,0.5
20923,0.5
20925,0.5
20932,0.5
20936,0.5
20938,0.5
20940,0.5
20942,0.5
20954,0.5
20957,0.5
20958,0.5
20961,0.5
20964,0.5
20972,0.5
20977,0.5
20986,0.5
20991,0.5
21001,0.5
21017,0.5
21029,0.5
21031,0.5
21034,0.5
21037,0.5
21052,0.5
21062,0.5
21065,0.5
21070,0.5
21071,0.5
21074,0.5
21077,0.5
21078,0.5
21081,0.5
21082,0.5
21083,0.5
21091,0.5
21099,0.5
21106,0.5
21108,0.5
21113,0.5
21120,0.5
21122,0.5
21129,0.5
21134,0.5
21139,0.5
21141,0.5
21143,0.5
21160,0.5
21162,0.5
21163,0.5
21168,0.5
21169,0.5
21173,0.5
21184,0.5
21186,0.5
21206,0.5
21207,0.5
21208,0.5
21223,0.5
21229,0.5
21232,0.5
21239,0.5
21240,0.5
21243,0.5
21247,0.5
21261,0.5
21263,0.5
21267,0.5
21268,0.5
21269,0.5
21272,0.5
21276,0.5
21278,0.5
21280,0.5
21286,0.5
21290,0.5
21298,0.5
21306,0.5
21307,0.5
21309,0.5
21315,0.5
21318,0.5
21321,0.5
21322,0.5
21332,0.5
21338,0.5
21344,0.5
21346,0.5
21358,0.5
21364,0.5
21374,0.5
21379,0.5
21381,0.5
21385,0.5
21391,0.5
21399,0.5
21404,0.5
21407,0.5
21408,0.5
21409,0.5
21412,0.5
21413,0.5
21416,0.5
21426,0.5
21429,0.5
21432,0.5
21436,0.5
21440,0.5
21444,0.5
21448,0.5
21453,0.5
21454,0.5
21455,0.5
21462,0.5
21466,0.5
21474,0.5
21476,0.5
21477,0.5
21485,0.5
21486,0.5
21487,0.5
21498,0.5
21504,0.5
21505,0.5
21506,0.5
21538,0.5
21542,0.5
21549,0.5
21554,0.5
21569,0.5
21572,0.5
21575,0.5
21584,0.5
21586,0.5
21588,0.5
21596,0.5
21597,0.5
21606,0.5
21608,0.5
21609,0.5
21612,0.5
21613,0.5
21614,0.5
21620,0.5
21621,0.5
21623,0.5
21624,0.5
21625,0.5
21642,0.5
21644,0.5
21648,0.5
21649,0.5
21650,0.5
21660,0.5
21668,0.5
21671,0.5
21674,0.5
21683,0.5
21684,0.5
21696,0.5
21701,0.5
21702,0.5
21705,0.5
21708,0.5
21710,0.5
21718,0.5
21725,0.5
21730,0.5
21734,0.5
21741,0.5
21744,0.5
21747,0.5
21760,0.5
21766,0.5
21768,0.5
21771,0.5
21773,0.5
21776,0.5
21783,0.5
21790,0.5
21792,0.5
21799,0.5
21810,0.5
21811,0.5
21813,0.5
21816,0.5
21818,0.5
21819,0.5
21822,0.5
21825,0.5
21831,0.5
21842,0.5
21846,0.5
21849,0.5
21850,0.5
21851,0.5
21852,0.5
21853,0.5
21863,0.5
21872,0.5
21873,0.5
21877,0.5
21880,0.5
21890,0.5
21891,0.5
21893,0.5
21906,0.5
21907,0.5
21910,0.5
21912,0.5
21917,0.5
21921,0.5
21929,0.5
21934,0.5
21939,0.5
21940,0.5
21941,0.5
21947,0.5
21952,0.5
21953,0.5
21957,0.5
21966,0.5
21974,0.5
21977,0.5
21985,0.5
21988,0.5
22002,0.5
22010,0.5
22017,0.5
22022,0.5
22024,0.5
22031,0.5
22040,0.5
22054,0.5
22059,0.5
22063,0.5
22064,0.5
22066,0.5
22080,0.5
22101,0.5
22105,0.5
22106,0.5
22110,0.5
22112,0.5
22116,0.5
22118,0.5
22122,0.5
22124,0.5
22134,0.5
22137,0.5
22147,0.5
22151,0.5
22153,0.5
22159,0.5
22160,0.5
22166,0.5
22168,0.5
22175,0.5
22183,0.5
22200,0.5
22201,0.5
22204,0.5
22206,0.5
22213,0.5
22221,0.5
22224,0.5
22228,0.5
22234,0.5
22240,0.5
22241,0.5
22258,0.5
22265,0.5
22266,0.5
22275,0.5
22278,0.5
22288,0.5
22295,0.5
22298,0.5
22311,0.5
22312,0.5
22315,0.5
22319,0.5
22321,0.5
22322,0.5
22323,0.5
22339,0.5
22345,0.5
22375,0.5
22377,0.5
22381,0.5
22383,0.5
22386,0.5
22388,0.5
22399,0.5
22416,0.5
22417,0.5
22421,0.5
22425,0.5
22427,0.5
22445,0.5
22448,0.5
22451,0.5
22454,0.5
22455,0.5
22466,0.5
22468,0.5
22480,0.5
22486,0.5
22493,0.5
22495,0.5
22511,0.5
22514,0.5
22515,0.5
22519,0.5
22522,0.5
22523,0.5
22551,0.5
22554,0.5
22555,0.5
22556,0.5
22558,0.5
22563,0.5
22564,0.5
22567,0.5
22570,0.5
22589,0.5
22605,0.5
22608,0.5
22616,0.5
22625,0.5
22626,0.5
22630,0.5
22655,0.5
22667,0.5
22681,0.5
22684,0.5
22689,0.5
22695,0.5
22707,0.5
22713,0.5
22717,0.5
22718,0.5
22728,0.5
22729,0.5
22730,0.5
22731,0.5
22737,0.5
22740,0.5
22755,0.5
22759,0.5
22769,0.5
22773,0.5
22774,0.5
22780,0.5
22781,0.5
22801,0.5
22802,0.5
22811,0.5
22812,0.5
22814,0.5
22816,0.5
22817,0.5
22819,0.5
22827,0.5
22833,0.5
22841,0.5
22849,0.5
22850,0.5
22852,0.5
22862,0.5
22865,0.5
22867,0.5
22877,0.5
22878,0.5
22884,0.5
22905,0.5
22907,0.5
22911,0.5
22918,0.5
22923,0.5
22925,0.5
22926,0.5
22937,0.5
22946,0.5
22953,0.5
22954,0.5
22958,0.5
22959,0.5
22963,0.5
22966,0.5
22969,0.5
22972,0.5
22977,0.5
22979,0.5
22984,0.5
22997,0.5
23000,0.5
23008,0.5
23015,0.5
23021,0.5
23029,0.5
23032,0.5
23034,0.5
23036,0.5
23040,0.5
23052,0.5
23053,0.5
23061,0.5
23062,0.5
23063,0.5
23064,0.5
23071,0.5
23079,0.5
23086,0.5
23091,0.5
23100,0.5
23111,0.5
23116,0.5
23120,0.5
23130,0.5
23132,0.5
23133,0.5
23134,0.5
23155,0.5
23160,0.5
23163,0.5
23165,0.5
23169,0.5
23172,0.5
23173,0.5
23181,0.5
23191,0.5
23197,0.5
23198,0.5
23203,0.5
23204,0.5
23205,0.5
23213,0.5
23218,0.5
23219,0.5
23221,0.5
23222,0.5
23227,0.5
23228,0.5
23229,0.5
23231,0.5
23232,0.5
23244,0.5
23246,0.5
23249,0.5
23259,0.5
23267,0.5
23268,0.5
23270,0.5
23273,0.5
23275,0.5
23276,0.5
23277,0.5
23282,0.5
23289,0.5
23292,0.5
23293,0.5
23298,0.5
23299,0.5
23310,0.5
23314,0.5
23316,0.5
23342,0.5
23343,0.5
23346,0.5
23348,0.5
23354,0.5
23361,0.5
23362,0.5
23363,0.5
23365,0.5
23366,0.5
23370,0.5
23382,0.5
23390,0.5
23398,0.5
23401,0.5
23407,0.5
23408,0.5
23409,0.5
23417,0.5
23444,0.5
23445,0.5
23447,0.5
23450,0.5
23454,0.5
23455,0.5
23456,0.5
23465,0.5
23481,0.5
23483,0.5
23488,0.5
23490,0.5
23493,0.5
23495,0.5
23501,0.5
23503,0.5
23507,0.5
23509,0.5
23523,0.5
23527,0.5
23534,0.5
23558,0.5
23563,0.5
23564,0.5
23569,0.5
23578,0.5
23580,0.5
23593,0.5
23596,0.5
23597,0.5
23599,0.5
23602,0.5
23606,0.5
23608,0.5
23609,0.5
23618,0.5
23619,0.5
23620,0.5
23623,0.5
23632,0.5
23644,0.5
23646,0.5
23651,0.5
23653,0.5
23654,0.5
23656,0.5
23664,0.5
23677,0.5
23680,0.5
23683,0.5
23684,0.5
23702,0.5
23709,0.5
23712,0.5
23723,0.5
23740,0.5
23745,0.5
23748,0.5
23751,0.5
23766,0.5
23767,0.5
23779,0.5
23780,0.5
23782,0.5
23784,0.5
23786,0.5
23791,0.5
23801,0.5
23802,0.5
23807,0.5
23811,0.5
23814,0.5
23817,0.5
23820,0.5
23821,0.5
23823,0.5
23827,0.5
23835,0.5
23836,0.5
23837,0.5
23859,0.5
23863,0.5
23866,0.5
23870,0.5
23882,0.5
23883,0.5
23887,0.5
23894,0.5
23896,0.5
23897,0.5
23901,0.5
23903,0.5
23912,0.5
23931,0.5
23933,0.5
23939,0.5
23940,0.5
23943,0.5
23951,0.5
23952,0.5
23956,0.5
23965,0.5
23971,0.5
23974,0.5
23977,0.5
23980,0.5
23983,0.5
23985,0.5
23990,0.5
23998,0.5
23999,0.5
24008,0.5
24009,0.5
24017,0.5
24021,0.5
24027,0.5
24030,0.5
24038,0.5
24039,0.5
24041,0.5
24042,0.5
24052,0.5
24054,0.5
24060,0.5
24066,0.5
24071,0.5
24072,0.5
24079,0.5
24082,0.5
24083,0.5
24086,0.5
24087,0.5
24100,0.5
24102,0.5
24110,0.5
24112,0.5
24131,0.5
24142,0.5
24143,0.5
24149,0.5
24160,0.5
24164,0.5
24166,0.5
24176,0.5
24177,0.5
24185,0.5
24187,0.5
24191,0.5
24193,0.5
24194,0.5
24195,0.5
24197,0.5
24202,0.5
24206,0.5
24207,0.5
24210,0.5
24214,0.5
24215,0.5
24216,0.5
24222,0.5
24226,0.5
24228,0.5
24230,0.5
24233,0.5
24235,0.5
24238,0.5
24240,0.5
24247,0.5
24250,0.5
24254,0.5
24257,0.5
24261,0.5
24264,0.5
24267,0.5
24271,0.5
24272,0.5
24274,0.5
24277,0.5
24288,0.5
24293,0.5
24296,0.5
24301,0.5
24307,0.5
24308,0.5
24314,0.5
24325,0.5
24344,0.5
24347,0.5
24349,0.5
24351,0.5
24353,0.5
24357,0.5
24361,0.5
24364,0.5
24366,0.5
24368,0.5
24369,0.5
24370,0.5
24375,0.5
24378,0.5
24380,0.5
24394,0.5
24395,0.5
24399,0.5
24400,0.5
24405,0.5
24432,0.5
24434,0.5
24438,0.5
24449,0.5
24460,0.5
24466,0.5
24470,0.5
24473,0.5
24484,0.5
24491,0.5
24498,0.5
24505,0.5
24514,0.5
24518,0.5
24519,0.5
24520,0.5
24521,0.5
24524,0.5
24528,0.5
24530,0.5
24534,0.5
24539,0.5
24540,0.5
24544,0.5
24550,0.5
24555,0.5
24558,0.5
24560,0.5
24561,0.5
24575,0.5
24580,0.5
24587,0.5
24590,0.5
24592,0.5
24598,0.5
24607,0.5
24613,0.5
24619,0.5
24622,0.5
24631,0.5
24636,0.5
24651,0.5
24657,0.5
24666,0.5
24667,0.5
24669,0.5
24670,0.5
24673,0.5
24679,0.5
24682,0.5
24685,0.5
24686,0.5
24691,0.5
24693,0.5
24703,0.5
24705,0.5
24727,0.5
24729,0.5
24731,0.5
24734,0.5
24735,0.5
24737,0.5
24742,0.5
24745,0.5
24749,0.5
24757,0.5
24758,0.5
24766,0.5
24773,0.5
24777,0.5
24779,0.5
24780,0.5
24788,0.5
24789,0.5
24803,0.5
24808,0.5
24823,0.5
24828,0.5
24831,0.5
24833,0.5
24846,0.5
24849,0.5
24856,0.5
24864,0.5
24867,0.5
24874,0.5
24875,0.5
24882,0.5
24888,0.5
24890,0.5
24891,0.5
24892,0.5
24901,0.5
24908,0.5
24913,0.5
24915,0.5
24921,0.5
24922,0.5
24924,0.5
24925,0.5
24926,0.5
24934,0.5
24936,0.5
24938,0.5
24942,0.5
24945,0.5
24946,0.5
24954,0.5
24956,0.5
24964,0.5
24968,0.5
24969,0.5
24973,0.5
24974,0.5
24995,0.5
24997,0.5
25000,0.5
25002,0.5
25004,0.5
25005,0.5
25010,0.5
25014,0.5
25017,0.5
25018,0.5
25019,0.5
25027,0.5
25031,0.5
25032,0.5
25033,0.5
25035,0.5
25038,0.5
25043,0.5
25047,0.5
25053,0.5
25076,0.5
25078,0.5
25079,0.5
25081,0.5
25087,0.5
25088,0.5
25090,0.5
25101,0.5
25106,0.5
25109,0.5
25114,0.5
25117,0.5
25119,0.5
25121,0.5
25124,0.5
25127,0.5
25131,0.5
25133,0.5
25141,0.5
25148,0.5
25150,0.5
25157,0.5
25160,0.5
25166,0.5
25169,0.5
25170,0.5
25172,0.5
25175,0.5
25186,0.5
25188,0.5
25194,0.5
25197,0.5
25198,0.5
25202,0.5
25207,0.5
25208,0.5
25211,0.5
25213,0.5
25216,0.5
25217,0.5
25219,0.5
25220,0.5
25222,0.5
25225,0.5
25227,0.5
25236,0.5
25241,0.5
25245,0.5
25248,0.5
25249,0.5
25250,0.5
25254,0.5
25255,0.5
25258,0.5
25259,0.5
25263,0.5
25264,0.5
25270,0.5
25274,0.5
25279,0.5
25285,0.5
25290,0.5
25293,0.5
25302,0.5
25309,0.5
25313,0.5
25321,0.5
25347,0.5
25349,0.5
25355,0.5
25358,0.5
25361,0.5
25362,0.5
25366,0.5
25367,0.5
25368,0.5
25389,0.5
25393,0.5
25394,0.5
25396,0.5
25399,0.5
25403,0.5
25405,0.5
25410,0.5
25431,0.5
25436,0.5
25437,0.5
25444,0.5
25446,0.5
25450,0.5
25454,0.5
25468,0.5
25472,0.5
25478,0.5
25487,0.5
25491,0.5
25496,0.5
25498,0.5
25500,0.5
25504,0.5
25506,0.5
25509,0.5
25512,0.5
25514,0.5
25517,0.5
25519,0.5
25525,0.5
25527,0.5
25528,0.5
25531,0.5
25533,0.5
25536,0.5
25540,0.5
25545,0.5
25549,0.5
25553,0.5
25554,0.5
25556,0.5
25559,0.5
25560,0.5
25563,0.5
25564,0.5
25575,0.5
25579,0.5
25603,0.5
25608,0.5
25611,0.5
25620,0.5
25624,0.5
25628,0.5
25631,0.5
25633,0.5
25635,0.5
25636,0.5
25640,0.5
25641,0.5
25643,0.5
25644,0.5
25646,0.5
25647,0.5
25649,0.5
25650,0.5
25654,0.5
25655,0.5
25656,0.5
25657,0.5
25665,0.5
25673,0.5
25677,0.5
25681,0.5
25684,0.5
25689,0.5
25690,0.5
25692,0.5
25696,0.5
25702,0.5
25710,0.5
25711,0.5
25723,0.5
25724,0.5
25729,0.5
25733,0.5
25738,0.5
25739,0.5
25740,0.5
25748,0.5
25760,0.5
25762,0.5
25764,0.5
25765,0.5
25769,0.5
25777,0.5
25781,0.5
25787,0.5
25788,0.5
25796,0.5
25802,0.5
25808,0.5
25813,0.5
25817,0.5
25819,0.5
25834,0.5
25835,0.5
25850,0.5
25861,0.5
25866,0.5
25869,0.5
25874,0.5
25876,0.5
25886,0.5
25890,0.5
25893,0.5
25896,0.5
25897,0.5
25898,0.5
25903,0.5
25904,0.5
25906,0.5
25909,0.5
25924,0.5
25926,0.5
25933,0.5
25938,0.5
25940,0.5
25941,0.5
25955,0.5
25957,0.5
25960,0.5
25964,0.5
25967,0.5
25979,0.5
25986,0.5
25987,0.5
25991,0.5
26006,0.5
26013,0.5
26014,0.5
26017,0.5
26025,0.5
26028,0.5
26032,0.5
26033,0.5
26045,0.5
26062,0.5
26069,0.5
26070,0.5
26072,0.5
26081,0.5
26094,0.5
26095,0.5
26109,0.5
26111,0.5
26113,0.5
26118,0.5
26121,0.5
26125,0.5
26126,0.5
26133,0.5
26135,0.5
26142,0.5
26157,0.5
26163,0.5
26164,0.5
26169,0.5
26174,0.5
26175,0.5
26176,0.5
26181,0.5
26183,0.5
26188,0.5
26195,0.5
26201,0.5
26205,0.5
26206,0.5
26210,0.5
26211,0.5
26214,0.5
26219,0.5
26221,0.5
26223,0.5
26227,0.5
26228,0.5
26229,0.5
26231,0.5
26246,0.5
26252,0.5
26253,0.5
26258,0.5
26260,0.5
26268,0.5
26270,0.5
26271,0.5
26272,0.5
26279,0.5
26284,0.5
26285,0.5
26286,0.5
26293,0.5
26297,0.5
26302,0.5
26309,0.5
26313,0.5
26318,0.5
26319,0.5
26324,0.5
26329,0.5
26330,0.5
26331,0.5
26333,0.5
26334,0.5
26336,0.5
26337,0.5
26338,0.5
26339,0.5
26350,0.5
26354,0.5
26361,0.5
26365,0.5
26366,0.5
26374,0.5
26380,0.5
26385,0.5
26396,0.5
26401,0.5
26411,0.5
26418,0.5
26421,0.5
26436,0.5
26442,0.5
26445,0.5
26447,0.5
26450,0.5
26455,0.5
26456,0.5
26470,0.5
26479,0.5
26483,0.5
26498,0.5
26499,0.5
26501,0.5
26503,0.5
26507,0.5
26511,0.5
26512,0.5
26514,0.5
26517,0.5
26518,0.5
26523,0.5
26524,0.5
26525,0.5
26526,0.5
26529,0.5
26532,0.5
26538,0.5
26544,0.5
26545,0.5
26548,0.5
26556,0.5
26558,0.5
26560,0.5
26564,0.5
26570,0.5
26580,0.5
26581,0.5
26582,0.5
26585,0.5
26606,0.5
26616,0.5
26625,0.5
26636,0.5
26637,0.5
26638,0.5
26640,0.5
26643,0.5
26649,0.5
26656,0.5
26658,0.5
26660,0.5
26669,0.5
26675,0.5
26676,0.5
26680,0.5
26683,0.5
26686,0.5
26687,0.5
26691,0.5
26693,0.5
26696,0.5
26697,0.5
26707,0.5
26712,0.5
26718,0.5
26729,0.5
26733,0.5
26738,0.5
26742,0.5
26754,0.5
26758,0.5
26761,0.5
26765,0.5
26768,0.5
26782,0.5
26787,0.5
26790,0.5
26792,0.5
26793,0.5
26802,0.5
26816,0.5
26818,0.5
26827,0.5
26830,0.5
26835,0.5
26847,0.5
26849,0.5
26852,0.5
26854,0.5
26855,0.5
26858,0.5
26861,0.5
26863,0.5
26870,0.5
26872,0.5
26876,0.5
26879,0.5
26883,0.5
26886,0.5
26892,0.5
26897,0.5
26898,0.5
26900,0.5
26903,0.5
26915,0.5
26919,0.5
26932,0.5
26934,0.5
26938,0.5
26943,0.5
26951,0.5
26974,0.5
26985,0.5
26990,0.5
26998,0.5
27000,0.5
27004,0.5
27005,0.5
27012,0.5
27014,0.5
27015,0.5
27019,0.5
27021,0.5
27029,0.5
27036,0.5
27040,0.5
27065,0.5
27066,0.5
27076,0.5
27081,0.5
27082,0.5
27092,0.5
27096,0.5
27098,0.5
27100,0.5
27102,0.5
27104,0.5
27107,0.5
27109,0.5
27115,0.5
27116,0.5
27122,0.5
27126,0.5
27127,0.5
27130,0.5
27133,0.5
27137,0.5
27155,0.5
27161,0.5
27163,0.5
27169,0.5
27174,0.5
27176,0.5
27179,0.5
27183,0.5
27186,0.5
27187,0.5
27188,0.5
27190,0.5
27193,0.5
27194,0.5
27197,0.5
27213,0.5
27221,0.5
27228,0.5
27232,0.5
27233,0.5
27235,0.5
27240,0.5
27244,0.5
27245,0.5
27278,0.5
27281,0.5
27283,0.5
27290,0.5
27292,0.5
27302,0.5
27307,0.5
27315,0.5
27331,0.5
27338,0.5
27339,0.5
27341,0.5
27342,0.5
27343,0.5
27346,0.5
27368,0.5
27369,0.5
27371,0.5
27375,0.5
27381,0.5
27382,0.5
27389,0.5
27395,0.5
27398,0.5
27399,0.5
27408,0.5
27410,0.5
27418,0.5
27422,0.5
27429,0.5
27435,0.5
27438,0.5
27440,0.5
27442,0.5
27451,0.5
27455,0.5
27458,0.5
27474,0.5
27477,0.5
27490,0.5
27498,0.5
27500,0.5
27502,0.5
27510,0.5
27512,0.5
27522,0.5
27526,0.5
27528,0.5
27533,0.5
27537,0.5
27538,0.5
27545,0.5
27550,0.5
27563,0.5
27565,0.5
27567,0.5
27568,0.5
27570,0.5
27576,0.5
27578,0.5
27582,0.5
27583,0.5
27585,0.5
27588,0.5
27592,0.5
27603,0.5
27604,0.5
27606,0.5
27608,0.5
27610,0.5
27613,0.5
27614,0.5
27620,0.5
27625,0.5
27627,0.5
27633,0.5
27636,0.5
27637,0.5
27639,0.5
27640,0.5
27646,0.5
27653,0.5
27654,0.5
27657,0.5
27670,0.5
27671,0.5
27673,0.5
27679,0.5
27682,0.5
27684,0.5
27685,0.5
27691,0.5
27706,0.5
27715,0.5
27716,0.5
27717,0.5
27718,0.5
27723,0.5
27726,0.5
27729,0.5
27735,0.5
27739,0.5
27741,0.5
27756,0.5
27757,0.5
27779,0.5
27796,0.5
27800,0.5
27801,0.5
27817,0.5
27819,0.5
27826,0.5
27828,0.5
27842,0.5
27849,0.5
27851,0.5
27852,0.5
27855,0.5
27856,0.5
27857,0.5
27858,0.5
27861,0.5
27867,0.5
27869,0.5
27873,0.5
27880,0.5
27897,0.5
27900,0.5
27906,0.5
27908,0.5
27913,0.5
27933,0.5
27941,0.5
27945,0.5
27953,0.5
27955,0.5
27960,0.5
27971,0.5
27973,0.5
27974,0.5
27976,0.5
27981,0.5
27993,0.5
27997,0.5
28001,0.5
28014,0.5
28022,0.5
28023,0.5
28030,0.5
28033,0.5
28037,0.5
28038,0.5
28040,0.5
28042,0.5
28044,0.5
28052,0.5
28058,0.5
28059,0.5
28064,0.5
28074,0.5
28080,0.5
28081,0.5
28085,0.5
28086,0.5
28087,0.5
28100,0.5
28103,0.5
28105,0.5
28106,0.5
28108,0.5
28113,0.5
28115,0.5
28119,0.5
28120,0.5
28126,0.5
28131,0.5
28133,0.5
28139,0.5
28145,0.5
28151,0.5
28166,0.5
28182,0.5
28183,0.5
28192,0.5
28211,0.5
28216,0.5
28228,0.5
28230,0.5
28234,0.5
28237,0.5
28239,0.5
28242,0.5
28250,0.5
28261,0.5
28268,0.5
28271,0.5
28278,0.5
28279,0.5
28283,0.5
28288,0.5
28299,0.5
28301,0.5
28302,0.5
28306,0.5
28308,0.5
28321,0.5
28322,0.5
28326,0.5
28329,0.5
28330,0.5
28332,0.5
28336,0.5
28345,0.5
28346,0.5
28347,0.5
28355,0.5
28364,0.5
28380,0.5
28381,0.5
28388,0.5
28389,0.5
28394,0.5
28397,0.5
28398,0.5
28399,0.5
28402,0.5
28403,0.5
28414,0.5
28415,0.5
28417,0.5
28418,0.5
28420,0.5
28421,0.5
28440,0.5
28442,0.5
28447,0.5
28457,0.5
28458,0.5
28459,0.5
28471,0.5
28472,0.5
28477,0.5
28478,0.5
28482,0.5
28492,0.5
28496,0.5
28500,0.5
28501,0.5
28503,0.5
28504,0.5
28506,0.5
28526,0.5
28536,0.5
28541,0.5
28549,0.5
28553,0.5
28554,0.5
28563,0.5
28565,0.5
28570,0.5
28575,0.5
28585,0.5
28586,0.5
28589,0.5
28590,0.5
28594,0.5
28596,0.5
28598,0.5
28599,0.5
28602,0.5
28604,0.5
28615,0.5
28618,0.5
28624,0.5
28625,0.5
28637,0.5
28643,0.5
28651,0.5
28652,0.5
28653,0.5
28655,0.5
28657,0.5
28663,0.5
28673,0.5
28676,0.5
28699,0.5
28700,0.5
28702,0.5
28721,0.5
28729,0.5
28731,0.5
28732,0.5
28744,0.5
28755,0.5
28761,0.5
28763,0.5
28766,0.5
28775,0.5
28780,0.5
28782,0.5
28786,0.5
28788,0.5
28789,0.5
28790,0.5
28793,0.5
28797,0.5
28803,0.5
28811,0.5
28815,0.5
28818,0.5
28824,0.5
28825,0.5
28827,0.5
28830,0.5
28835,0.5
28842,0.5
28847,0.5
28854,0.5
28856,0.5
28857,0.5
28862,0.5
28864,0.5
28866,0.5
28867,0.5
28871,0.5
28873,0.5
28874,0.5
28876,0.5
28880,0.5
28883,0.5
28885,0.5
28886,0.5
28890,0.5
28893,0.5
28896,0.5
28902,0.5
28903,0.5
28909,0.5
28918,0.5
28920,0.5
28952,0.5
28957,0.5
28959,0.5
28962,0.5
28963,0.5
28964,0.5
28965,0.5
28966,0.5
28971,0.5
28974,0.5
28975,0.5
28986,0.5
28987,0.5
28999,0.5
29002,0.5
29013,0.5
29016,0.5
29025,0.5
29027,0.5
29032,0.5
29044,0.5
29049,0.5
29057,0.5
29063,0.5
29071,0.5
29074,0.5
29078,0.5
29086,0.5
29089,0.5
29090,0.5
29120,0.5
29138,0.5
29152,0.5
29154,0.5
29158,0.5
29168,0.5
29175,0.5
29181,0.5
29182,0.5
29183,0.5
29186,0.5
29187,0.5
29189,0.5
29190,0.5
29195,0.5
29199,0.5
29206,0.5
29210,0.5
29212,0.5
29222,0.5
29225,0.5
29226,0.5
29229,0.5
29234,0.5
29242,0.5
29244,0.5
29247,0.5
29248,0.5
29252,0.5
29257,0.5
29268,0.5
29270,0.5
29272,0.5
29273,0.5
29276,0.5
29280,0.5
29285,0.5
29291,0.5
29293,0.5
29308,0.5
29311,0.5
29312,0.5
29313,0.5
29319,0.5
29326,0.5
29330,0.5
29337,0.5
29344,0.5
29345,0.5
29355,0.5
29358,0.5
29363,0.5
29376,0.5
29381,0.5
29389,0.5
29409,0.5
29412,0.5
29419,0.5
29420,0.5
29421,0.5
29423,0.5
29426,0.5
29430,0.5
29433,0.5
29442,0.5
29443,0.5
29451,0.5
29460,0.5
29461,0.5
29468,0.5
29470,0.5
29474,0.5
29476,0.5
29477,0.5
29480,0.5
29485,0.5
29497,0.5
29499,0.5
29500,0.5
29507,0.5
29512,0.5
29514,0.5
29518,0.5
29520,0.5
29521,0.5
29524,0.5
29534,0.5
29538,0.5
29543,0.5
29549,0.5
29551,0.5
29555,0.5
29563,0.5
29565,0.5
29574,0.5
29585,0.5
29586,0.5
29587,0.5
29608,0.5
29614,0.5
29619,0.5
29624,0.5
29625,0.5
29628,0.5
29634,0.5
29635,0.5
29637,0.5
29640,0.5
29645,0.5
29646,0.5
29652,0.5
29656,0.5
29667,0.5
29669,0.5
29673,0.5
29675,0.5
29687,0.5
29690,0.5
29694,0.5
29707,0.5
29710,0.5
29711,0.5
29712,0.5
29714,0.5
29715,0.5
29716,0.5
29728,0.5
29740,0.5
29744,0.5
29747,0.5
29748,0.5
29750,0.5
29758,0.5
29765,0.5
29772,0.5
29773,0.5
29784,0.5
29785,0.5
29791,0.5
29793,0.5
29796,0.5
29815,0.5
29821,0.5
29823,0.5
29826,0.5
29828,0.5
29841,0.5
29842,0.5
29861,0.5
29862,0.5
29863,0.5
29864,0.5
29869,0.5
29873,0.5
29874,0.5
29876,0.5
29881,0.5
29884,0.5
29886,0.5
29887,0.5
29888,0.5
29895,0.5
29897,0.5
29900,0.5
29905,0.5
29909,0.5
29910,0.5
29912,0.5
29927,0.5
29928,0.5
29931,0.5
29937,0.5
29946,0.5
29954,0.5
29956,0.5
29958,0.5
29961,0.5
29968,0.5
29970,0.5
29973,0.5
29984,0.5
29993,0.5
29999,0.5
30007,0.5
30010,0.5
30011,0.5
30015,0.5
30020,0.5
30021,0.5
30030,0.5
30033,0.5
30039,0.5
30052,0.5
30055,0.5
30058,0.5
30060,0.5
30077,0.5
30082,0.5
30083,0.5
30091,0.5
30098,0.5
30108,0.5
30114,0.5
30116,0.5
30117,0.5
30118,0.5
30122,0.5
30137,0.5
30139,0.5
30148,0.5
30151,0.5
30156,0.5
30158,0.5
30164,0.5
30165,0.5
30169,0.5
30180,0.5
30187,0.5
30189,0.5
30193,0.5
30208,0.5
30210,0.5
30211,0.5
30213,0.5
30219,0.5
30224,0.5
30228,0.5
30232,0.5
30239,0.5
30245,0.5
30249,0.5
30250,0.5
30251,0.5
30255,0.5
30257,0.5
30258,0.5
30261,0.5
30263,0.5
30268,0.5
30269,0.5
30278,0.5
30282,0.5
30291,0.5
30295,0.5
30308,0.5
30316,0.5
30318,0.5
30319,0.5
30321,0.5
30322,0.5
30323,0.5
30330,0.5
30342,0.5
30345,0.5
30346,0.5
30347,0.5
30361,0.5
30366,0.5
30367,0.5
30370,0.5
30378,0.5
30386,0.5
30397,0.5
30399,0.5
30405,0.5
30406,0.5
30410,0.5
30412,0.5
30414,0.5
30417,0.5
30421,0.5
30423,0.5
30426,0.5
30428,0.5
30431,0.5
30438,0.5
30442,0.5
30446,0.5
30449,0.5
30454,0.5
30455,0.5
30456,0.5
30470,0.5
30480,0.5
30482,0.5
30483,0.5
30489,0.5
30490,0.5
30493,0.5
30500,0.5
30505,0.5
30508,0.5
30509,0.5
30527,0.5
30531,0.5
30537,0.5
30548,0.5
30551,0.5
30552,0.5
30565,0.5
30571,0.5
30573,0.5
30578,0.5
30582,0.5
30595,0.5
30607,0.5
30608,0.5
30616,0.5
30625,0.5
30629,0.5
30642,0.5
30648,0.5
30657,0.5
30667,0.5
30669,0.5
30672,0.5
30674,0.5
30679,0.5
30680,0.5
30695,0.5
30701,0.5
30707,0.5
30716,0.5
30717,0.5
30732,0.5
30737,0.5
30738,0.5
30743,0.5
30746,0.5
30749,0.5
30751,0.5
30758,0.5
30760,0.5
30763,0.5
30765,0.5
30767,0.5
30768,0.5
30774,0.5
30783,0.5
30789,0.5
30809,0.5
30818,0.5
30820,0.5
30822,0.5
30832,0.5
30833,0.5
30839,0.5
30851,0.5
30857,0.5
30872,0.5
30879,0.5
30894,0.5
30903,0.5
30904,0.5
30907,0.5
30908,0.5
30911,0.5
30917,0.5
30921,0.5
30927,0.5
30931,0.5
30933,0.5
30942,0.5
30949,0.5
30951,0.5
30966,0.5
30972,0.5
30983,0.5
30984,0.5
30987,0.5
30992,0.5
30995,0.5
30998,0.5
30999,0.5
31000,0.5
31002,0.5
31005,0.5
31012,0.5
31014,0.5
31017,0.5
31033,0.5
31034,0.5
31036,0.5
31040,0.5
31046,0.5
31050,0.5
31054,0.5
31056,0.5
31064,0.5
31068,0.5
31071,0.5
31077,0.5
31080,0.5
31087,0.5
31091,0.5
31110,0.5
31116,0.5
31120,0.5
31133,0.5
31134,0.5
31143,0.5
31145,0.5
31146,0.5
31149,0.5
31156,0.5
31161,0.5
31167,0.5
31168,0.5
31172,0.5
31176,0.5
31179,0.5
31182,0.5
31186,0.5
31190,0.5
31191,0.5
31198,0.5
31205,0.5
31217,0.5
31240,0.5
31244,0.5
31247,0.5
31249,0.5
31250,0.5
31257,0.5
31266,0.5
31284,0.5
31285,0.5
31293,0.5
31298,0.5
31304,0.5
31306,0.5
31310,0.5
31312,0.5
31320,0.5
31323,0.5
31329,0.5
31332,0.5
31334,0.5
31340,0.5
31349,0.5
31359,0.5
31371,0.5
31373,0.5
31375,0.5
31379,0.5
31383,0.5
31388,0.5
31393,0.5
31412,0.5
31418,0.5
31422,0.5
31423,0.5
31430,0.5
31435,0.5
31446,0.5
31447,0.5
31457,0.5
31462,0.5
31466,0.5
31473,0.5
31475,0.5
31482,0.5
31489,0.5
31495,0.5
31505,0.5
31509,0.5
31512,0.5
31520,0.5
31523,0.5
31536,0.5
31547,0.5
31548,0.5
31550,0.5
31553,0.5
31555,0.5
31566,0.5
31579,0.5
31585,0.5
31586,0.5
31587,0.5
31588,0.5
31595,0.5
31598,0.5
31602,0.5
31605,0.5
31606,0.5
31627,0.5
31632,0.5
31641,0.5
31647,0.5
31649,0.5
31652,0.5
31655,0.5
31666,0.5
31670,0.5
31681,0.5
31686,0.5
31693,0.5
31694,0.5
31696,0.5
31698,0.5
31702,0.5
31705,0.5
31706,0.5
31708,0.5
31712,0.5
31731,0.5
31737,0.5
31738,0.5
31741,0.5
31746,0.5
31750,0.5
31761,0.5
31763,0.5
31765,0.5
31774,0.5
31787,0.5
31789,0.5
31790,0.5
31796,0.5
31798,0.5
31802,0.5
31804,0.5
31810,0.5
31814,0.5
31815,0.5
31819,0.5
31827,0.5
31831,0.5
31837,0.5
31840,0.5
31850,0.5
31853,0.5
31855,0.5
31856,0.5
31858,0.5
31862,0.5
31872,0.5
31877,0.5
31880,0.5
31885,0.5
31890,0.5
31894,0.5
31896,0.5
31900,0.5
31906,0.5
31912,0.5
31928,0.5
31930,0.5
31932,0.5
31934,0.5
31937,0.5
31939,0.5
31942,0.5
31945,0.5
31950,0.5
31954,0.5
31961,0.5
31962,0.5
31975,0.5
31976,0.5
31977,0.5
31981,0.5
31986,0.5
31988,0.5
32000,0.5
32002,0.5
32006,0.5
32007,0.5
32013,0.5
32026,0.5
32030,0.5
32032,0.5
32047,0.5
32051,0.5
32053,0.5
32056,0.5
32060,0.5
32088,0.5
32090,0.5
32093,0.5
32095,0.5
32110,0.5
32123,0.5
32124,0.5
32126,0.5
32128,0.5
32130,0.5
32139,0.5
32143,0.5
32144,0.5
32162,0.5
32167,0.5
32169,0.5
32170,0.5
32172,0.5
32178,0.5
32181,0.5
32188,0.5
32194,0.5
32196,0.5
32201,0.5
32207,0.5
32209,0.5
32213,0.5
32214,0.5
32222,0.5
32228,0.5
32231,0.5
32232,0.5
32239,0.5
32249,0.5
32263,0.5
32273,0.5
32274,0.5
32278,0.5
32284,0.5
32296,0.5
32301,0.5
32308,0.5
32310,0.5
32320,0.5
32324,0.5
32328,0.5
32334,0.5
32339,0.5
32343,0.5
32344,0.5
32351,0.5
32356,0.5
32365,0.5
32367,0.5
32373,0.5
32375,0.5
32381,0.5
32389,0.5
32396,0.5
32402,0.5
32410,0.5
32413,0.5
32422,0.5
32430,0.5
32431,0.5
32432,0.5
32433,0.5
32435,0.5
32436,0.5
32442,0.5
32445,0.5
32454,0.5
32455,0.5
32460,0.5
32461,0.5
32464,0.5
32472,0.5
32473,0.5
32482,0.5
32498,0.5
32512,0.5
32518,0.5
32520,0.5
32532,0.5
32538,0.5
32540,0.5
32542,0.5
32548,0.5
32552,0.5
32554,0.5
32557,0.5
32560,0.5
32562,0.5
32569,0.5
32572,0.5
32579,0.5
32588,0.5
32604,0.5
32606,0.5
32608,0.5
32615,0.5
32616,0.5
32623,0.5
32626,0.5
32632,0.5
32634,0.5
32643,0.5
32663,0.5
32672,0.5
32679,0.5
32680,0.5
32686,0.5
32688,0.5
32694,0.5
32697,0.5
32700,0.5
32703,0.5
32704,0.5
32710,0.5
32712,0.5
32714,0.5
32721,0.5
32726,0.5
32732,0.5
32733,0.5
32740,0.5
32748,0.5
32754,0.5
32759,0.5
32767,0.5
32769,0.5
32777,0.5
32781,0.5
32784,0.5
32787,0.5
32794,0.5
32799,0.5
32806,0.5
32807,0.5
32811,0.5
32813,0.5
32820,0.5
32825,0.5
32829,0.5
32842,0.5
32846,0.5
32847,0.5
32852,0.5
32870,0.5
32876,0.5
32881,0.5
32907,0.5
32909,0.5
32913,0.5
32914,0.5
32918,0.5
32920,0.5
32921,0.5
32924,0.5
32934,0.5
32935,0.5
32936,0.5
32947,0.5
32951,0.5
32958,0.5
32974,0.5
32976,0.5
32979,0.5
32982,0.5
32983,0.5
32985,0.5
32992,0.5
32999,0.5
33016,0.5
33018,0.5
33019,0.5
33020,0.5
33026,0.5
33035,0.5
33042,0.5
33044,0.5
33055,0.5
33057,0.5
33058,0.5
33059,0.5
33061,0.5
33066,0.5
33067,0.5
33068,0.5
33069,0.5
33071,0.5
33073,0.5
33078,0.5
33084,0.5
33085,0.5
33086,0.5
33089,0.5
33090,0.5
33105,0.5
33113,0.5
33117,0.5
33131,0.5
33136,0.5
33153,0.5
33160,0.5
33161,0.5
33163,0.5
33167,0.5
33170,0.5
33171,0.5
33175,0.5
33188,0.5
33200,0.5
33202,0.5
33204,0.5
33209,0.5
33210,0.5
33220,0.5
33227,0.5
33230,0.5
33236,0.5
33238,0.5
33257,0.5
33259,0.5
33263,0.5
33289,0.5
33290,0.5
33292,0.5
33293,0.5
33300,0.5
33308,0.5
33312,0.5
33313,0.5
33317,0.5
33323,0.5
33333,0.5
33334,0.5
33340,0.5
33350,0.5
33353,0.5
33355,0.5
33359,0.5
33366,0.5
33375,0.5
33388,0.5
33399,0.5
33405,0.5
33409,0.5
33416,0.5
33421,0.5
33423,0.5
33425,0.5
33429,0.5
33441,0.5
33445,0.5
33454,0.5
33465,0.5
33468,0.5
33469,0.5
33475,0.5
33482,0.5
33487,0.5
33488,0.5
33489,0.5
33490,0.5
33497,0.5
33508,0.5
33511,0.5
33522,0.5
33525,0.5
33537,0.5
33540,0.5
33542,0.5
33544,0.5
33546,0.5
33548,0.5
33549,0.5
33558,0.5
33561,0.5
33562,0.5
33570,0.5
33573,0.5
33574,0.5
33575,0.5
33576,0.5
33586,0.5
33587,0.5
33596,0.5
33597,0.5
33611,0.5
33613,0.5
33623,0.5
33643,0.5
33644,0.5
33645,0.5
33650,0.5
33651,0.5
33652,0.5
33660,0.5
33679,0.5
33686,0.5
33689,0.5
33693,0.5
33694,0.5
33695,0.5
33696,0.5
33700,0.5
33703,0.5
33706,0.5
33708,0.5
33713,0.5
33714,0.5
33718,0.5
33726,0.5
33728,0.5
33736,0.5
33756,0.5
33765,0.5
33767,0.5
33769,0.5
33781,0.5
33783,0.5
33788,0.5
33794,0.5
33796,0.5
33799,0.5
33802,0.5
33808,0.5
33816,0.5
33826,0.5
33832,0.5
33839,0.5
33845,0.5
33856,0.5
33858,0.5
33859,0.5
33862,0.5
33872,0.5
33879,0.5
33881,0.5
33886,0.5
33897,0.5
33900,0.5
33901,0.5
33903,0.5
33907,0.5
33913,0.5
33914,0.5
33917,0.5
33925,0.5
33931,0.5
33934,0.5
33946,0.5
33955,0.5
33956,0.5
33962,0.5
33963,0.5
33979,0.5
33980,0.5
33990,0.5
33992,0.5
33996,0.5
34005,0.5
34013,0.5
34020,0.5
34021,0.5
34025,0.5
34037,0.5
34039,0.5
34041,0.5
34049,0.5
34051,0.5
34053,0.5
34056,0.5
34060,0.5
34062,0.5
34067,0.5
34071,0.5
34074,0.5
34078,0.5
34081,0.5
34084,0.5
34089,0.5
34090,0.5
34095,0.5
34096,0.5
34100,0.5
34104,0.5
34107,0.5
34110,0.5
34115,0.5
34116,0.5
34117,0.5
34120,0.5
34127,0.5
34128,0.5
34130,0.5
34155,0.5
34162,0.5
34163,0.5
34164,0.5
34169,0.5
34173,0.5
34178,0.5
34180,0.5
34185,0.5
34187,0.5
34194,0.5
34196,0.5
34199,0.5
34201,0.5
34203,0.5
34214,0.5
34219,0.5
34223,0.5
34224,0.5
34226,0.5
34235,0.5
34238,0.5
34243,0.5
34251,0.5
34257,0.5
34258,0.5
34259,0.5
34264,0.5
34273,0.5
34274,0.5
34275,0.5
34282,0.5
34287,0.5
34303,0.5
34307,0.5
34316,0.5
34317,0.5
34319,0.5
34321,0.5
34329,0.5
34330,0.5
34337,0.5
34338,0.5
34339,0.5
34351,0.5
34357,0.5
34361,0.5
34362,0.5
34363,0.5
34369,0.5
34378,0.5
34386,0.5
34389,0.5
34391,0.5
34408,0.5
34413,0.5
34414,0.5
34416,0.5
34420,0.5
34421,0.5
34427,0.5
34431,0.5
34436,0.5
34445,0.5
34447,0.5
34448,0.5
34449,0.5
34458,0.5
34465,0.5
34469,0.5
34484,0.5
34489,0.5
34491,0.5
34492,0.5
34498,0.5
34509,0.5
34510,0.5
34520,0.5
34527,0.5
34535,0.5
34536,0.5
34538,0.5
34544,0.5
34547,0.5
34557,0.5
34559,0.5
34567,0.5
34569,0.5
34576,0.5
34578,0.5
34579,0.5
34580,0.5
34586,0.5
34594,0.5
34595,0.5
34600,0.5
34604,0.5
34608,0.5
34613,0.5
34615,0.5
34616,0.5
34625,0.5
34629,0.5
34644,0.5
34651,0.5
34657,0.5
34669,0.5
34670,0.5
34681,0.5
34687,0.5
34692,0.5
34693,0.5
34694,0.5
34707,0.5
34718,0.5
34731,0.5
34733,0.5
34738,0.5
34743,0.5
34763,0.5
34778,0.5
34783,0.5
34790,0.5
34797,0.5
34798,0.5
34805,0.5
34811,0.5
34814,0.5
34817,0.5
34819,0.5
34826,0.5
34827,0.5
34830,0.5
34834,0.5
34835,0.5
34836,0.5
34855,0.5
34860,0.5
34862,0.5
34865,0.5
34866,0.5
34868,0.5
34871,0.5
34873,0.5
34884,0.5
34888,0.5
34890,0.5
34893,0.5
34894,0.5
34895,0.5
34896,0.5
34899,0.5
34900,0.5
34904,0.5
34908,0.5
34912,0.5
34914,0.5
34915,0.5
34916,0.5
34921,0.5
34925,0.5
34930,0.5
34931,0.5
34932,0.5
34934,0.5
34936,0.5
34942,0.5
34945,0.5
34947,0.5
34953,0.5
34954,0.5
34955,0.5
34963,0.5
34966,0.5
34974,0.5
34980,0.5
34984,0.5
34992,0.5
34995,0.5
34998,0.5
35001,0.5
35007,0.5
35019,0.5
35020,0.5
35026,0.5
35031,0.5
35040,0.5
35045,0.5
35048,0.5
35054,0.5
35061,0.5
35062,0.5
35065,0.5
35069,0.5
35084,0.5
35089,0.5
35090,0.5
35093,0.5
35095,0.5
35097,0.5
35099,0.5
35109,0.5
35112,0.5
35113,0.5
35115,0.5
35118,0.5
35122,0.5
35126,0.5
35131,0.5
35132,0.5
35137,0.5
35141,0.5
35144,0.5
35148,0.5
35150,0.5
35152,0.5
35153,0.5
35162,0.5
35163,0.5
35165,0.5
35167,0.5
35174,0.5
35177,0.5
35178,0.5
35180,0.5
35184,0.5
35185,0.5
35189,0.5
35194,0.5
35198,0.5
35202,0.5
35206,0.5
35207,0.5
35210,0.5
35211,0.5
35219,0.5
35220,0.5
35224,0.5
35226,0.5
35230,0.5
35231,0.5
35235,0.5
35240,0.5
35241,0.5
35248,0.5
35255,0.5
35266,0.5
35269,0.5
35273,0.5
35274,0.5
35279,0.5
35280,0.5
35281,0.5
35282,0.5
35295,0.5
35307,0.5
35317,0.5
35321,0.5
35325,0.5
35328,0.5
35332,0.5
35333,0.5
35341,0.5
35344,0.5
35345,0.5
35351,0.5
35352,0.5
35364,0.5
35366,0.5
35370,0.5
35393,0.5
35397,0.5
35399,0.5
35401,0.5
35410,0.5
35414,0.5
35416,0.5
35418,0.5
35426,0.5
35431,0.5
35435,0.5
35438,0.5
35441,0.5
35443,0.5
35444,0.5
35445,0.5
35448,0.5
35455,0.5
35461,0.5
35464,0.5
35472,0.5
35473,0.5
35478,0.5
35479,0.5
35480,0.5
35481,0.5
35482,0.5
35487,0.5
35491,0.5
35493,0.5
35499,0.5
35500,0.5
35502,0.5
35504,0.5
35505,0.5
35521,0.5
35522,0.5
35525,0.5
35529,0.5
35530,0.5
35533,0.5
35537,0.5
35539,0.5
35541,0.5
35546,0.5
35555,0.5
35557,0.5
35559,0.5
35563,0.5
35571,0.5
35572,0.5
35575,0.5
35578,0.5
35582,0.5
35583,0.5
35584,0.5
35590,0.5
35595,0.5
35597,0.5
35598,0.5
35599,0.5
35603,0.5
35612,0.5
35616,0.5
35623,0.5
35634,0.5
35640,0.5
35647,0.5
35654,0.5
35656,0.5
35671,0.5
35674,0.5
35679,0.5
35683,0.5
35685,0.5
35686,0.5
35687,0.5
35688,0.5
35697,0.5
35711,0.5
35721,0.5
35732,0.5
35737,0.5
35741,0.5
35744,0.5
35745,0.5
35755,0.5
35756,0.5
35765,0.5
35794,0.5
35804,0.5
35805,0.5
35811,0.5
35813,0.5
35817,0.5
35824,0.5
35835,0.5
35848,0.5
35854,0.5
35857,0.5
35862,0.5
35863,0.5
35866,0.5
35869,0.5
35870,0.5
35874,0.5
35876,0.5
35883,0.5
35888,0.5
35900,0.5
35909,0.5
35910,0.5
35915,0.5
35921,0.5
35922,0.5
35926,0.5
35929,0.5
35935,0.5
35946,0.5
35949,0.5
35952,0.5
35954,0.5
35956,0.5
35959,0.5
35963,0.5
35967,0.5
35970,0.5
35972,0.5
35996,0.5
35999,0.5
36006,0.5
36017,0.5
36019,0.5
36026,0.5
36027,0.5
36035,0.5
36039,0.5
36040,0.5
36044,0.5
36046,0.5
36050,0.5
36058,0.5
36059,0.5
36062,0.5
36063,0.5
36064,0.5
36068,0.5
36074,0.5
36076,0.5
36081,0.5
36091,0.5
36098,0.5
36099,0.5
36112,0.5
36116,0.5
36120,0.5
36123,0.5
36136,0.5
36139,0.5
36146,0.5
36150,0.5
36158,0.5
36161,0.5
36163,0.5
36169,0.5
36172,0.5
36175,0.5
36176,0.5
36181,0.5
36189,0.5
36191,0.5
36193,0.5
36198,0.5
36204,0.5
36206,0.5
36210,0.5
36211,0.5
36213,0.5
36215,0.5
36218,0.5
36221,0.5
36237,0.5
36245,0.5
36253,0.5
36262,0.5
36266,0.5
36268,0.5
36272,0.5
36282,0.5
36285,0.5
36287,0.5
36288,0.5
36291,0.5
36293,0.5
36294,0.5
36298,0.5
36314,0.5
36331,0.5
36332,0.5
36338,0.5
36342,0.5
36357,0.5
36367,0.5
36369,0.5
36380,0.5
36387,0.5
36388,0.5
36394,0.5
36396,0.5
36406,0.5
36407,0.5
36409,0.5
36411,0.5
36414,0.5
36415,0.5
36420,0.5
36422,0.5
36434,0.5
36443,0.5
36446,0.5
36449,0.5
36456,0.5
36462,0.5
36469,0.5
36473,0.5
36476,0.5
36477,0.5
36479,0.5
36481,0.5
36493,0.5
36497,0.5
36511,0.5
36519,0.5
36529,0.5
36532,0.5
36545,0.5
36554,0.5
36555,0.5
36562,0.5
36569,0.5
36573,0.5
36580,0.5
36581,0.5
36592,0.5
36594,0.5
36598,0.5
36600,0.5
36604,0.5
36606,0.5
36612,0.5
36624,0.5
36635,0.5
36641,0.5
36649,0.5
36657,0.5
36658,0.5
36663,0.5
36664,0.5
36670,0.5
36675,0.5
36678,0.5
36700,0.5
36705,0.5
36723,0.5
36744,0.5
36747,0.5
36765,0.5
36775,0.5
36778,0.5
36787,0.5
36790,0.5
36796,0.5
36800,0.5
36806,0.5
36811,0.5
36814,0.5
36816,0.5
36829,0.5
36833,0.5
36843,0.5
36844,0.5
36849,0.5
36850,0.5
36852,0.5
36857,0.5
36859,0.5
36860,0.5
36861,0.5
36875,0.5
36877,0.5
36894,0.5
36897,0.5
36905,0.5
36908,0.5
36915,0.5
36918,0.5
36922,0.5
36924,0.5
36931,0.5
36932,0.5
36933,0.5
36940,0.5
36947,0.5
36958,0.5
36960,0.5
36965,0.5
36972,0.5
36974,0.5
36975,0.5
36977,0.5
36986,0.5
36994,0.5
36995,0.5
36996,0.5
36998,0.5
37004,0.5
37007,0.5
37016,0.5
37033,0.5
37036,0.5
37039,0.5
37043,0.5
37049,0.5
37050,0.5
37051,0.5
37053,0.5
37059,0.5
37060,0.5
37061,0.5
37066,0.5
37078,0.5
37081,0.5
37086,0.5
37090,0.5
37095,0.5
37107,0.5
37110,0.5
37114,0.5
37151,0.5
37156,0.5
37166,0.5
37197,0.5
37201,0.5
37202,0.5
37218,0.5
37229,0.5
37230,0.5
37241,0.5
37246,0.5
37257,0.5
37263,0.5
37270,0.5
37272,0.5
37277,0.5
37285,0.5
37288,0.5
37291,0.5
37295,0.5
37302,0.5
37305,0.5
37306,0.5
37313,0.5
37314,0.5
37317,0.5
37329,0.5
37343,0.5
37347,0.5
37353,0.5
37359,0.5
37362,0.5
37372,0.5
37392,0.5
37393,0.5
37394,0.5
37399,0.5
37402,0.5
37407,0.5
37416,0.5
37428,0.5
37429,0.5
37433,0.5
37434,0.5
37450,0.5
37451,0.5
37452,0.5
37454,0.5
37462,0.5
37464,0.5
37469,0.5
37482,0.5
37483,0.5
37486,0.5
37487,0.5
37489,0.5
37496,0.5
37499,0.5
37503,0.5
37514,0.5
37516,0.5
37517,0.5
37520,0.5
37522,0.5
37529,0.5
37530,0.5
37531,0.5
37543,0.5
37544,0.5
37551,0.5
37553,0.5
37566,0.5
37577,0.5
37584,0.5
37586,0.5
37591,0.5
37607,0.5
37620,0.5
37625,0.5
37629,0.5
37630,0.5
37631,0.5
37632,0.5
37636,0.5
37641,0.5
37643,0.5
37654,0.5
37663,0.5
37667,0.5
37679,0.5
37680,0.5
37686,0.5
37687,0.5
37694,0.5
37709,0.5
37710,0.5
37715,0.5
37721,0.5
37724,0.5
37734,0.5
37740,0.5
37743,0.5
37753,0.5
37763,0.5
37774,0.5
37776,0.5
37779,0.5
37780,0.5
37782,0.5
37793,0.5
37794,0.5
37806,0.5
37813,0.5
37818,0.5
37819,0.5
37820,0.5
37822,0.5
37824,0.5
37825,0.5
37831,0.5
37835,0.5
37842,0.5
37849,0.5
37852,0.5
37858,0.5
37864,0.5
37870,0.5
37876,0.5
37883,0.5
37887,0.5
37898,0.5
37909,0.5
37920,0.5
37956,0.5
37961,0.5
37964,0.5
37966,0.5
37975,0.5
37981,0.5
37982,0.5
37983,0.5
37997,0.5
37999,0.5
38003,0.5
38004,0.5
38023,0.5
38030,0.5
38038,0.5
38043,0.5
38045,0.5
38047,0.5
38052,0.5
38056,0.5
38060,0.5
38073,0.5
38078,0.5
38081,0.5
38083,0.5
38104,0.5
38106,0.5
38119,0.5
38132,0.5
38133,0.5
38135,0.5
38138,0.5
38139,0.5
38146,0.5
38148,0.5
38159,0.5
38165,0.5
38177,0.5
38179,0.5
38186,0.5
38190,0.5
38191,0.5
38197,0.5
38198,0.5
38199,0.5
38206,0.5
38216,0.5
38217,0.5
38218,0.5
38221,0.5
38225,0.5
38233,0.5
38241,0.5
38242,0.5
38245,0.5
38249,0.5
38250,0.5
38251,0.5
38253,0.5
38263,0.5
38265,0.5
38278,0.5
38282,0.5
38283,0.5
38285,0.5
38290,0.5
38291,0.5
38293,0.5
38295,0.5
38296,0.5
38298,0.5
38299,0.5
38301,0.5
38310,0.5
38322,0.5
38330,0.5
38339,0.5
38348,0.5
38354,0.5
38357,0.5
38375,0.5
38376,0.5
38387,0.5
38402,0.5
38404,0.5
38406,0.5
38411,0.5
38412,0.5
38425,0.5
38427,0.5
38433,0.5
38435,0.5
38436,0.5
38443,0.5
38452,0.5
38456,0.5
38457,0.5
38462,0.5
38464,0.5
38467,0.5
38494,0.5
38497,0.5
38500,0.5
38503,0.5
38514,0.5
38517,0.5
38518,0.5
38520,0.5
38524,0.5
38525,0.5
38544,0.5
38546,0.5
38563,0.5
38565,0.5
38571,0.5
38581,0.5
38592,0.5
38595,0.5
38598,0.5
38599,0.5
38614,0.5
38632,0.5
38638,0.5
38649,0.5
38650,0.5
38651,0.5
38654,0.5
38665,0.5
38671,0.5
38672,0.5
38683,0.5
38691,0.5
38696,0.5
38698,0.5
38699,0.5
38704,0.5
38709,0.5
38711,0.5
38712,0.5
38722,0.5
38725,0.5
38731,0.5
38734,0.5
38735,0.5
38738,0.5
38739,0.5
38740,0.5
38747,0.5
38753,0.5
38756,0.5
38762,0.5
38771,0.5
38775,0.5
38776,0.5
38793,0.5
38794,0.5
38803,0.5
38818,0.5
38819,0.5
38821,0.5
38831,0.5
38834,0.5
38837,0.5
38840,0.5
38842,0.5
38845,0.5
38847,0.5
38850,0.5
38851,0.5
38852,0.5
38857,0.5
38858,0.5
38865,0.5
38866,0.5
38867,0.5
38869,0.5
38878,0.5
38882,0.5
38886,0.5
38893,0.5
38899,0.5
38911,0.5
38914,0.5
38916,0.5
38917,0.5
38919,0.5
38920,0.5
38932,0.5
38935,0.5
38949,0.5
38958,0.5
38960,0.5
38965,0.5
38983,0.5
38988,0.5
38991,0.5
38996,0.5
39002,0.5
39003,0.5
39005,0.5
39007,0.5
39008,0.5
39012,0.5
39028,0.5
39030,0.5
39035,0.5
39036,0.5
39038,0.5
39043,0.5
39044,0.5
39049,0.5
39053,0.5
39056,0.5
39057,0.5
39059,0.5
39061,0.5
39064,0.5
39072,0.5
39077,0.5
39081,0.5
39086,0.5
39091,0.5
39101,0.5
39103,0.5
39121,0.5
39123,0.5
39129,0.5
39138,0.5
39150,0.5
39154,0.5
39161,0.5
39164,0.5
39172,0.5
39173,0.5
39181,0.5
39193,0.5
39199,0.5
39207,0.5
39210,0.5
39212,0.5
39220,0.5
39224,0.5
39226,0.5
39227,0.5
39230,0.5
39231,0.5
39232,0.5
39244,0.5
39247,0.5
39250,0.5
39261,0.5
39270,0.5
39271,0.5
39273,0.5
39279,0.5
39282,0.5
39284,0.5
39298,0.5
39299,0.5
39300,0.5
39306,0.5
39313,0.5
39318,0.5
39321,0.5
39322,0.5
39328,0.5
39329,0.5
39333,0.5
39336,0.5
39339,0.5
39341,0.5
39343,0.5
39345,0.5
39352,0.5
39361,0.5
39374,0.5
39394,0.5
39397,0.5
39414,0.5
39415,0.5
39425,0.5
39436,0.5
39445,0.5
39450,0.5
39453,0.5
39456,0.5
39459,0.5
39462,0.5
39463,0.5
39464,0.5
39469,0.5
39474,0.5
39487,0.5
39492,0.5
39496,0.5
39503,0.5
39515,0.5
39525,0.5
39532,0.5
39539,0.5
39540,0.5
39541,0.5
39544,0.5
39551,0.5
39552,0.5
39556,0.5
39558,0.5
39565,0.5
39568,0.5
39572,0.5
39583,0.5
39584,0.5
39586,0.5
39587,0.5
39589,0.5
39596,0.5
39600,0.5
39602,0.5
39604,0.5
39613,0.5
39620,0.5
39629,0.5
39637,0.5
39638,0.5
39639,0.5
39646,0.5
39648,0.5
39651,0.5
39662,0.5
39668,0.5
39670,0.5
39671,0.5
39674,0.5
39677,0.5
39678,0.5
39680,0.5
39693,0.5
39694,0.5
39699,0.5
39715,0.5
39720,0.5
39721,0.5
39726,0.5
39729,0.5
39734,0.5
39753,0.5
39764,0.5
39768,0.5
39774,0.5
39777,0.5
39797,0.5
39799,0.5
39815,0.5
39821,0.5
39822,0.5
39832,0.5
39833,0.5
39840,0.5
39842,0.5
39843,0.5
39853,0.5
39861,0.5
39864,0.5
39866,0.5
39871,0.5
39872,0.5
39876,0.5
39891,0.5
39896,0.5
39898,0.5
39899,0.5
39904,0.5
39907,0.5
39910,0.5
39912,0.5
39913,0.5
39914,0.5
39921,0.5
39922,0.5
39925,0.5
39933,0.5
39934,0.5
39939,0.5
39942,0.5
39945,0.5
39958,0.5
39960,0.5
39963,0.5
39980,0.5
39986,0.5
39997,0.5
40012,0.5
40013,0.5
40026,0.5
40030,0.5
40038,0.5
40047,0.5
40052,0.5
40059,0.5
40061,0.5
40065,0.5
40074,0.5
40085,0.5
40087,0.5
40091,0.5
40092,0.5
40093,0.5
40099,0.5
40119,0.5
40124,0.5
40126,0.5
40127,0.5
40134,0.5
40136,0.5
40137,0.5
40138,0.5
40142,0.5
40163,0.5
40165,0.5
40169,0.5
40172,0.5
40174,0.5
40190,0.5
40200,0.5
40201,0.5
40205,0.5
40208,0.5
40211,0.5
40221,0.5
40231,0.5
40236,0.5
40247,0.5
40249,0.5
40250,0.5
40253,0.5
40256,0.5
40258,0.5
40262,0.5
40263,0.5
40266,0.5
40267,0.5
40275,0.5
40289,0.5
40293,0.5
40302,0.5
40306,0.5
40307,0.5
40311,0.5
40317,0.5
40324,0.5
40326,0.5
40331,0.5
40333,0.5
40351,0.5
40353,0.5
40366,0.5
40375,0.5
40384,0.5
40385,0.5
40389,0.5
40391,0.5
40398,0.5
40417,0.5
40427,0.5
40436,0.5
40448,0.5
40450,0.5
40452,0.5
40453,0.5
40457,0.5
40464,0.5
40469,0.5
40471,0.5
40473,0.5
40475,0.5
40482,0.5
40488,0.5
40493,0.5
40495,0.5
40501,0.5
40503,0.5
40504,0.5
40512,0.5
40516,0.5
40517,0.5
40520,0.5
40537,0.5
40543,0.5
40566,0.5
40572,0.5
40573,0.5
40576,0.5
40578,0.5
40593,0.5
40596,0.5
40602,0.5
40604,0.5
40609,0.5
40612,0.5
40619,0.5
40622,0.5
40623,0.5
40627,0.5
40631,0.5
40636,0.5
40644,0.5
40654,0.5
40659,0.5
40665,0.5
40667,0.5
40673,0.5
40675,0.5
40682,0.5
40685,0.5
40689,0.5
40691,0.5
40692,0.5
40693,0.5
40700,0.5
40702,0.5
40704,0.5
40707,0.5
40715,0.5
40718,0.5
40719,0.5
40728,0.5
40733,0.5
40738,0.5
40742,0.5
40769,0.5
40787,0.5
40789,0.5
40794,0.5
40795,0.5
40796,0.5
40800,0.5
40811,0.5
40814,0.5
40819,0.5
40821,0.5
40826,0.5
40827,0.5
40835,0.5
40839,0.5
40840,0.5
40841,0.5
40846,0.5
40849,0.5
40854,0.5
40855,0.5
40857,0.5
40860,0.5
40878,0.5
40881,0.5
40882,0.5
40884,0.5
40891,0.5
40901,0.5
40903,0.5
40910,0.5
40913,0.5
40920,0.5
40933,0.5
40935,0.5
40938,0.5
40939,0.5
40942,0.5
40947,0.5
40952,0.5
40955,0.5
40959,0.5
40970,0.5
40973,0.5
40980,0.5
40981,0.5
40984,0.5
40996,0.5
40997,0.5
40998,0.5
40999,0.5
41012,0.5
41013,0.5
41014,0.5
41016,0.5
41027,0.5
41031,0.5
41032,0.5
41038,0.5
41040,0.5
41042,0.5
41051,0.5
41052,0.5
41054,0.5
41065,0.5
41078,0.5
41080,0.5
41083,0.5
41088,0.5
41090,0.5
41091,0.5
41093,0.5
41096,0.5
41101,0.5
41102,0.5
41104,0.5
41107,0.5
41113,0.5
41115,0.5
41120,0.5
41133,0.5
41139,0.5
41160,0.5
41164,0.5
41165,0.5
41170,0.5
41175,0.5
41180,0.5
41184,0.5
41187,0.5
41190,0.5
41192,0.5
41199,0.5
41203,0.5
41209,0.5
41214,0.5
41217,0.5
41220,0.5
41233,0.5
41242,0.5
41250,0.5
41253,0.5
41255,0.5
41258,0.5
41260,0.5
41280,0.5
41288,0.5
41296,0.5
41300,0.5
41301,0.5
41302,0.5
41305,0.5
41307,0.5
41328,0.5
